,name,rating,website,location,wheelchair,family,image_link-src,description,meta_descriptions,latitude,longitude
0,2 Doors Down,4.5,2doorsdown.net,"118 E 17th St, Cheyenne, WY 82001",Accessibility    Wheelchair accessible entrance   Wheelchair accessible parking lot   Wheelchair accessible restroom   Wheelchair accessible seating,Amenities    Bar onsite   Good for kids   High chairs   Restroom   Free Wi-Fi,https://lh5.googleusercontent.com/p/AF1QipNPVksOU-niM9IbFQLNYwD0hwRHU7tRm1Xzcblr=w408-h306-k-no,American outpost known for a variety of burgers with specialty toppings plus all-you-can-eat fries.,WELCOME PAGE 2 DOORS DOWN ,41.13459,-104.8141355
1,Action City,4.3,metropolisresort.com,"2402 Lorch Ave, Eau Claire, WI 54701",Accessibility    Wheelchair accessible entrance   Wheelchair accessible parking lot   Wheelchair accessible restroom,Amenities    Good for kids   Restaurant   Restroom   Free Wi-Fi,https://lh5.googleusercontent.com/p/AF1QipNA4VRebSnOo_eNbE_belNM-GHnJX6vM1TqGTYN=w408-h240-k-no-pi-10-ya220-ro0-fo100,"Massive activity space with indoor go karts, laser tag, bumper karts & 18-hole mini golf.",,44.7643492,-91.46688390000001
2,Adams Museum,4.5,deadwoodhistory.com,"54 Sherman St, Deadwood, SD 57732",Accessibility    Wheelchair accessible elevator   Wheelchair accessible entrance   Wheelchair accessible parking lot,Amenities    Gender-neutral restroom   Good for kids   Restaurant,https://lh5.googleusercontent.com/p/AF1QipNTlw8LSWfYYLljPiSNzab_u0hdGlSuO6tKCNRh=w408-h294-k-no,Joint venture combining a Black Hills history museum & the 1892 home of one of Deadwood's founders.,,44.3757487,-103.7294533
3,Agecroft Hall & Gardens,4.6,agecrofthall.com,"4305 Sulgrave Rd, Richmond, VA 23221",Accessibility    Wheelchair accessible entrance   Wheelchair accessible parking lot,Amenities    Good for kids,https://lh5.googleusercontent.com/p/AF1QipN0x9K1NEjbQOOZpvjVp2aTB-E39ieSNxv_4XXW=w408-h306-k-no,"Lavish Tudor mansion built in 16th-century England & moved here in the 1920s, now open for tours.","Agecroft Hall & Gardens is a majestic Tudor mansion built in the late 15th Century in England and brought to Richmond, Virginia piece by piece. The home is located on 23 beautifully landscaped acres overlooking the James River in the neighborhood of Windsor Farms, less than 1 mile from downtown Richmond. ",37.55262700000001,-77.5058449
4,Air Power Park,4.4,hampton.gov,"413 W Mercury Blvd, Hampton, VA 23669",Accessibility    Wheelchair accessible entrance   Wheelchair accessible parking lot,Amenities    Good for kids,https://lh5.googleusercontent.com/p/AF1QipNDvfWpfcMprrXGZm7QvdRjwOlLfCpqfgd2yMxQ=w408-h306-k-no,"Park featuring jets, missiles & rockets, plus a playground & a museum with model aircraft.",,37.04334679999999,-76.3663061
5,Al's Hamburger,4.4,alshamburgergb.com,"131 S Washington St, Green Bay, WI 54301",Accessibility    Wheelchair accessible entrance,Amenities    Good for kids   Restroom,https://lh5.googleusercontent.com/p/AF1QipNjsQfNcP2tgDBzwqnIAtHCKY8QHneJrM4sjKRd=w408-h306-k-no,"Old-school eatery, dating to 1934, for burgers, breakfast & shakes in a no-frills setting.",,44.5132883,-88.0165304
6,Asian Garden Martinsburg,4.6,asiangardenfood.com,"970 Foxcroft Ave, Martinsburg, WV 25401",Accessibility    Wheelchair accessible entrance   Wheelchair accessible parking lot,Amenities    Good for kids   High chairs,https://lh5.googleusercontent.com/p/AF1QipNNs9bcQSH3a6uaNtQZwCvhaXa2BFxPx69XvDo=w408-h306-k-no,Chinese cuisine along with sushi & other familiar Asian eats in a basic space with seating.,"Online ordering menu for Asian Garden. Welcome to Asian Garden where we serve Japanese and Chinese cuisine! You can find Miso Soup, Yaki Udon, General Tso's Shrimp, and more on our menu! We're located east of I-81 on Foxcroft Ave. Order online for carryout or delivery!",39.4463068,-77.9859669
7,Athenaeum,4.3,nvfaa.org,"201 Prince St, Alexandria, VA 22314",Accessibility    Wheelchair accessible entrance,Amenities    Gender-neutral restroom   Restaurant,https://lh5.googleusercontent.com/p/AF1QipMwDC6FrQJRRnyEGrSXyi5IiSWlGqkul_bfQmLJ=w408-h296-k-no,This storied Greek Revival building is now a venue for visual & performing arts with a gallery.,"Athenaeum | NVFAA, welcome, historic building, regional art gallery, special event space for rent, greek revival architecture, The Athenaeum, 201 Prince Street, Alexandria, VA 22314",38.8034209,-77.0418517
8,Avampato Discovery Museum,4.6,theclaycenter.org,"1 Clay Square, Charleston, WV 25301",Accessibility    Wheelchair accessible elevator   Wheelchair accessible entrance   Wheelchair accessible parking lot   Wheelchair accessible restroom,Amenities    Good for kids,https://lh5.googleusercontent.com/p/AF1QipOx5pOvNR_obTKl5P2Sky5gYNseVQb2ceoJiefc=w408-h544-k-no,Family-friendly museum with a variety of fine arts & science-related exhibits plus hands-on play.,"Discover a world of music, theater, art and science at one of the most unique venues in the country. Visit an interactive museum with art and science exhibits of its own and traveling exhibitions from around the country, become immersed in a giant screen film or planetarium show on a 61-foot dome, hear world-class performances by renowned entertainers and more – all under one roof!",38.3480471,-81.6292619
9,Bahnhof WVrsthaus & Biergarten,4.5,bahnhofwv.com,"745 7th Ave, Huntington, WV 25701",Accessibility    Wheelchair accessible entrance   Wheelchair accessible parking lot,Amenities    Good for kids   High chairs   Restroom,https://lh5.googleusercontent.com/p/AF1QipNM8VLHL_D_xuFSI7xqh_FbBd_Jmkn9qNxHCzy_=w425-h240-k-no,"Sausages, schnitzels, pretzels & other classic German food, served with full bar, indoors or out.","Bahnhof is a german inspired restaurant in Huntington, WV. Outdoor seating, good for groups, serves breakfast, lunch and dinner, walkins welcome.",38.4161878,-82.4445969
10,Battery Park,4.5,enjoyburlington.com,"Battery Park Extension, Burlington, VT 05401",Accessibility    Wheelchair accessible entrance   Wheelchair accessible parking lot,Amenities    Good for kids,https://lh5.googleusercontent.com/p/AF1QipPCnj7Bd0Hv3vp1O3GWZCyZwaz6uG1b6cp6uCzi=w408-h306-k-no,"Historic park featuring a playground, summer concerts, ice-skating & views of Lake Champlain.",,44.4794819,-73.2192729
11,Bay Beach Amusement Park,4.7,baybeach.org,"1313 Bay Beach Rd, Green Bay, WI 54302",Accessibility    Wheelchair accessible entrance   Wheelchair accessible parking lot   Wheelchair accessible restroom,Amenities    Good for kids,https://lh5.googleusercontent.com/p/AF1QipO6k46xcM12zoOy_eq3KPxrDSiE4EfZhk9Z64ah=w408-h306-k-no,"Vibrant amusement park featuring rides such as bumper cars, a Ferris wheel & slides.",Find useful information about Bay Beach Amusement Park.,44.5314979,-87.9816724
12,Belle Boyd House,4.7,bchs.org,"126 E Race St, Martinsburg, WV 25401",Accessibility    Wheelchair accessible parking lot   Wheelchair rental,Amenities    Good for kids   Restroom,https://lh5.googleusercontent.com/p/AF1QipPArKgKP2v6WcIvzBY6jEHbQ0EsIruqAqehLp8G=w426-h240-k-no,"Circa-1853 Greek Revival house, now a county museum with period decor & various exhibits.",,39.4596633,-77.96175199999999
13,Berkeley Springs State Park,4.7,berkeleyspringssp.com,"2 S Washington St, Berkeley Springs, WV 25411",Accessibility    Wheelchair accessible entrance   Wheelchair accessible parking lot,Amenities    Good for kids,https://lh5.googleusercontent.com/p/AF1QipNreHZ25_Of5Qx3xhK6S4F_zJ7mWg8CEpn4T6c4=w426-h240-k-no,"Stalwart, laid-back state park offering natural springs for bathing, a spa, events & other features.",,39.6268068,-78.22874569999999
14,Billings Farm & Museum,4.6,billingsfarm.org,"69 Old River Rd, Woodstock, VT 05091",Accessibility    Wheelchair accessible elevator   Wheelchair accessible entrance   Wheelchair accessible parking lot,Amenities    Good for kids   Restroom   Restaurant,https://lh5.googleusercontent.com/p/AF1QipN62szdMuGH5Yn86CLWfbjs2XabChzHo9_j05PS=w408-h272-k-no,"Working farm & museum dedicated to scientific-farming history, with interactive exhibits & demos.","Billings Farm & Museum is just a scenic stroll from the village center of Woodstock, Vermont, and is regarded as one of the finest outdoor history museums.",43.6298525,-72.513088
15,Bramble Park Zoo,4.6,brambleparkzoo.com,"800 10th St NW, Watertown, SD 57201",Accessibility    Wheelchair accessible entrance,Amenities    Good for kids,https://lh5.googleusercontent.com/p/AF1QipNSxe9Tdym3YBad6H6Bcidyvaq-5njiHpalfH0E=w408-h306-k-no,Historic zoo housing more than 800 animals from over 100 species in habitats spread across 15 acres.,The Bramble Park Zoo is located in Watertown SD. We are proud to be accredited by the Association of Zoos and Aquariums. Stop in today!,44.9101758,-97.1304598
16,Broken Boot Gold Mine,4.5,brokenbootgoldmine.com,"1200 Pioneer Way, Deadwood, SD 57732",Accessibility    Wheelchair accessible entrance,Amenities    Good for kids,https://lh5.googleusercontent.com/p/AF1QipM3KXkgRZMqSJ69pJC6oB4s8tr0xpnD7WGO2Oel=w426-h240-k-no,Rustic local attraction featuring guided tours of underground former gold mines.,,44.3707189,-103.7428493
17,Brown Chicken Brown Cow,4.4,bchixbcow.com,"13 E Queens Way, Hampton, VA 23669",Accessibility    Wheelchair accessible entrance   Wheelchair accessible parking lot   Wheelchair accessible restroom   Wheelchair accessible seating,Amenities    Bar onsite   High chairs   Restroom,https://lh5.googleusercontent.com/p/AF1QipPXHLN70UzOjvSvotcdTPFfbpH-NOWQYGj9-5WP=w408-h544-k-no,"Elevated pub & brunch eats, craft beers & floats with booth or patio seating, plus live music.","Grass fed burgers, chicken, BBQ, smoked meats, 20 taps, patio dining, Downtown Hampton Virginia",37.0259661,-76.34372789999999
18,Bubba Gump Shrimp Co.,4.2,bubbagump.com,"900 Parkway, Gatlinburg, TN 37738",Accessibility    Wheelchair accessible entrance   Wheelchair accessible parking lot   Wheelchair accessible restroom   Wheelchair accessible seating,Amenities    Bar onsite   Good for kids   High chairs   Restroom   Free Wi-Fi,https://lh5.googleusercontent.com/p/AF1QipPGHn9Q4wqwWGruHVw4vBFvOtYHtcDhHcaKGlbu=w408-h240-k-no-pi0-ya247.83246-ro-0-fo100,Family-friendly chain for seafood & American fare served in a fishing boat-themed setting.,Family-friendly chain for seafood & American fare served in a fishing-boat-themed setting in the USA & International.,35.7106993,-83.5187662
19,Buckroe Beach and Park,4.6,hampton.gov,"100 S 1st St, Hampton, VA 23664",Accessibility    Wheelchair accessible entrance   Wheelchair accessible parking lot,Amenities    Good for kids,https://lh5.googleusercontent.com/p/AF1QipONu0sPQWef43shx7vOzCBVFZCSqNllYY45iAwQ=w408-h306-k-no,"Recreational beach park with kayak/paddleboat rentals, a playground, stage pavilion & picnic sites.",,37.0404256,-76.2917169
20,Buffalo Bill Center of the West,4.8,centerofthewest.org,"720 Sheridan Ave, Cody, WY 82414",Accessibility    Wheelchair accessible elevator   Wheelchair accessible entrance   Wheelchair accessible parking lot   Wheelchair accessible restroom,Amenities    Good for kids   Restaurant,https://lh5.googleusercontent.com/p/AF1QipPKqjOtdafVPayYdsZPZYV9C1jKyIAm2B4RbDKO=w408-h306-k-no,"Interactive Western museum with exhibitions dedicated to Buffalo Bill, firearms & natural history.",,44.5246152,-109.0742578
21,Buffalo Bill Dam & Visitor Center,4.7,bbdvc.com,"4808 N Fork Hwy, Cody, WY 82414",Accessibility    Wheelchair accessible entrance,Amenities    Good for kids,https://lh5.googleusercontent.com/p/AF1QipOY1ncCvAfkFlhprdFG4ThK9MKjdn6phCc3Z6Q4=w408-h297-k-no,"History & facts about the concrete arch dam through film & taxidermy, plus close-up reservoir views.",Engineering marvel.  Free and informative.  Travel info and gifts available.,44.5013668,-109.1839211
22,Butterfly House & Aquarium,4.5,butterflyhouseaquarium.org,"4320 S Oxbow Ave, Sioux Falls, SD 57106",Accessibility    Wheelchair accessible entrance,,https://lh5.googleusercontent.com/p/AF1QipMrUkSiwFVrt2lcQ4lFMMTl9ty6g5P5Y-pDDta9=w408-h272-k-no,"Attraction with hundreds of active butterflies plus sea life displays, including a touch pool.","The Butterfly House & Aquarium is a hands-on aquarium, butterfly garden, and a fun, educational family attraction in Sioux Falls.",43.5066166,-96.7625316
23,Camden Park,4.0,camdenpark.com,"5000 Waverly Rd, Huntington, WV 25704",Accessibility    Wheelchair accessible entrance   Wheelchair accessible parking lot   Wheelchair accessible restroom   Wheelchair rental,Amenities    Baggage storage   Gender-neutral restroom   Good for kids   Restaurant   Restroom,https://lh5.googleusercontent.com/p/AF1QipOX-6JLbui39fbU0-3KzvJtMikPXxgsN0JV_1P4=w408-h271-k-no,"Amusement park with a carousel, haunted house & other kid-centric activities in an outdoor space.","Camden Park has been the destination of choice for family fun in Huntington, WV. It's a thriving traditional amusement park with a rich history.",38.397485,-82.5306112
24,Camel's Hump State Park,4.8,vtstateparks.com,"3429 Camels Hump Rd, Duxbury, VT 05676",Accessibility    Wheelchair accessible entrance,Amenities    Good for kids,https://lh5.googleusercontent.com/p/AF1QipPuRt1w9iWRFun1RGdSYxiZd2JXq2ZuKIRxsgw1=w408-h272-k-no,This primitive timber management & wildlife preservation area features mountains & trails.,,44.31643529999999,-72.8480526
25,Carlyle House Historic Park,4.7,novaparks.com,"121 N Fairfax St, Alexandria, VA 22314",Accessibility    Wheelchair accessible entrance,Amenities    Good for kids,https://lh5.googleusercontent.com/p/AF1QipPoZBVRW7RJGx931QlZS784phLGfG0BG9lZliMe=w408-h544-k-no,"Elegant, circa-1753 manor home featuring lush gardens & tours plus concerts & other events.","NOVA Parks - the best of Northern Virginia through nature, history, and great family experiences",38.8052237,-77.0419022
26,Centennial Park,4.7,nashville.gov,"2500 West End Ave, Nashville, TN 37203",Accessibility    Wheelchair accessible entrance   Wheelchair accessible parking lot,Amenities    Good for kids,https://lh5.googleusercontent.com/p/AF1QipOas-Y56GLGdeyZmoC6T0GUguoPwXDjwbvdyF06=w408-h544-k-no,"Urban recreation area with walking paths, band shell, dog park, exercise trail, gardens & museums.",Official website of the Metropolitan Government of Nashville and Davidson County.,36.1494148,-86.812823
27,Chaang Thai Restaurant,4.3,chaangthai.com,"361 High St, Morgantown, WV 26505",Accessibility    Wheelchair accessible entrance   Wheelchair accessible restroom   Wheelchair accessible seating,Amenities    Good for kids   High chairs   Restroom   Free Wi-Fi,https://lh5.googleusercontent.com/p/AF1QipNpuyiqAokLVZSP9uVutAiWWb4x4i71w4PfnPoj=w408-h306-k-no,Traditional Thai fare such as noodles & curry in a relaxed setting with seating & a warm vibe.,,39.6306363,-79.95551130000001
28,Champy's,4.6,champyschicken.com,"526 E M L King Blvd, Chattanooga, TN 37403",Accessibility    Wheelchair accessible elevator   Wheelchair accessible entrance   Wheelchair accessible parking lot   Wheelchair accessible restroom   Wheelchair accessible seating,Amenities    Good for kids   High chairs,https://lh5.googleusercontent.com/p/AF1QipP_qzReIB6VKfOd_hwjkmYYqgGBAsBlpDfhenhN=w532-h240-k-no,Fried chicken is the draw at this country-hip Southern eatery with live music & a long beer list.,,35.0432533,-85.3021297
29,Charles Krutch Park,4.5,,"504 Market St, Knoxville, TN 37902",Accessibility    Wheelchair accessible entrance   Wheelchair accessible parking lot,Amenities    Good for kids,https://lh5.googleusercontent.com/p/AF1QipOoAbmG7Onq81ojU0fufUbWCa7p8zVDPERVtJ4T=w408-h306-k-no,"Small, serene park with colorful public art installations, benches & a water feature.",,35.964213,-83.9186761
30,Chazen Museum of Art,4.8,chazen.wisc.edu,"800 University Ave, Madison, WI 53706",Accessibility    Assistive hearing loop   Wheelchair accessible elevator   Wheelchair accessible entrance   Wheelchair accessible parking lot   Wheelchair accessible restroom,Amenities    Gender-neutral restroom   Good for kids   Restaurant,https://lh5.googleusercontent.com/p/AF1QipMc7nG65r3Gzi3q4OsWAzbIHZTIUiOKgzAyUYVr=w435-h240-k-no,"Free campus art museum offering rotating exhibits from a collection of 20,000 works.","Located in the heart of the University of Wisconsin–Madison campus, the Chazen Museum of Art is home to the second-largest collection of art in Wisconsin. Collections and exhibitions are complemented with events and educational programming for the public.",43.0738342,-89.3993421
31,Chesapeake Arboretum,4.6,cityofchesapeake.net,"624 Oak Grove Rd, Chesapeake, VA 23320",Accessibility    Wheelchair accessible entrance   Wheelchair accessible parking lot,Amenities    Good for kids,https://lh5.googleusercontent.com/p/AF1QipN7_DnJtAaL7qHSRLWlG83EkBTddGMolmhf4sA_=w408-h544-k-no,"Site devoted to nature appreciation & education, with forest trails & gardens across 45 acres.",City of Chesapeake's official information and online services source.,36.7432054,-76.23902830000002
32,Chesapeake City Park,4.7,cityofchesapeake.net,"900 City Park Dr, Chesapeake, VA 23320",Accessibility    Wheelchair accessible entrance   Wheelchair accessible parking lot,Amenities    Good for kids,https://lh5.googleusercontent.com/p/AF1QipMf_8t2mPWO-mhtrON87nk4Kh4a4RObonXCYFwC=w408-h306-k-no,Pine forest featuring open space for dog & skate parks plus an expansive playground & horseshoes.,City of Chesapeake's official information and online services source.,36.7496775,-76.228358
33,Chesapeake Planetarium,4.8,virginia.org,"310 Shea Dr, Chesapeake, VA 23322",Accessibility    Wheelchair accessible entrance   Wheelchair accessible parking lot   Wheelchair accessible restroom   Wheelchair accessible seating,Amenities    Good for kids,https://lh5.googleusercontent.com/p/AF1QipPDpkB34N8_Om0bI6o95EIqBgEuVaBL1xJp2B7X=w408-h272-k-no,Circa-1963 theater providing educational programming to schools & free public shows on Thursdays.,"Visit Virginia’s official tourism website for travel info and vacation planning. Explore our cities and towns, find fun things to do, and discover unique places to stay. Order our free travel guide and sign up for our newsletters for regular trip inspo.",36.7160747,-76.2507633
34,Cheyenne Botanic Gardens,4.8,botanic.org,"710 S Lions Park Dr, Cheyenne, WY 82001",Accessibility    Wheelchair accessible entrance   Wheelchair accessible parking lot,Amenities    Good for kids,https://lh5.googleusercontent.com/p/AF1QipN7p6z_Be1-WagY4L8LelMdXwmYjNK2rzzjS2H0=w408-h306-k-no,Garden center with a variety of landscapes plus a solar-heated conservatory & play area for kids.,,41.155752,-104.8305503
35,Cheyenne Depot Plaza,4.6,cheyenne.org,"1 Depot Square Capitol &, W 15th St, Cheyenne, WY 82007",Accessibility    Wheelchair accessible elevator   Wheelchair accessible entrance   Wheelchair accessible parking lot   Wheelchair accessible restroom,Amenities    Good for kids,https://lh5.googleusercontent.com/p/AF1QipM6QXB-lrpw41cABgc7zEAo-_q5fHTxd6pYdGh3=w408-h363-k-no,Well-known gathering place & open-air venue for local music performances & farmers' markets.,"Cheyenne, Wyoming Convention and Visitors Bureau home to Cheyenne Frontier Days, great local restaurants, a growing downtown and an authentic western experience with a modern flair! Wyoming Starts here!",41.1310216,-104.8169819
36,Cheyenne Frontier Days Old West Museum,4.6,oldwestmuseum.org,"4610 Carey Ave, Cheyenne, WY 82001",Accessibility    Wheelchair accessible entrance   Wheelchair accessible parking lot   Wheelchair accessible restroom,Amenities    Good for kids   Restroom   Free Wi-Fi   Restaurant,https://lh5.googleusercontent.com/p/AF1QipPjDe6mKmnL5KjomD1eng6lcSObBV_bL4fxGq3m=w408-h306-k-no,"History museum with temporary exhibits, photos, a video-screening room & rodeo gear on display.",,41.1579452,-104.8340615
37,Children’s Museum of Eau Claire,4.7,childrensmuseumec.com,"40 S Barstow St, Eau Claire, WI 54701",Accessibility    Wheelchair accessible entrance   Wheelchair accessible parking lot   Wheelchair accessible restroom,Amenities    Good for kids,https://lh5.googleusercontent.com/p/AF1QipODnzazwR6GblHlHNUdjVgvlZAH8Cg83gM1rph0=w408-h272-k-no,"Educational interactive exhibits for children & play spaces for toddlers, plus art activities.","The Children's Museum of Eau Claire (CMEC) is an interactive environment for kids and their grown-ups that inspires imagination, creativity, discovery and the love of learning. A favorite destination for families in the Chippewa Valley, the Children’s Museum offers non-traditional learning opportunities that help kids of all ages SEE, TOUCH, LEARN and GROW their way through important developmental milestones.",44.8125237,-91.5010228
38,Children's Museum of Memphis,4.6,cmom.com,"2525 Central Ave, Memphis, TN 38104",Accessibility    Wheelchair accessible elevator   Wheelchair accessible entrance   Wheelchair accessible parking lot   Wheelchair accessible restroom,Amenities    Good for kids,https://lh5.googleusercontent.com/p/AF1QipPs_SAJu-31i5o-3Dy9Bh2Qv6XVb77AR_ck5tAC=w408-h306-k-no,Interactive permanent displays & traveling exhibits create learning opportunities for kids.,The Children's Museum of Memphis creates memorable learning experiences through the joy of play in hands-on exhibits and programs.,35.1249227,-89.9766673
39,China Town,4.1,https://www.sirved.com/restaurant/barre-vermont-usa/china-town/327066/menus,"306 N Main St, Barre, VT 05641",Accessibility    Wheelchair accessible entrance   Wheelchair accessible parking lot   Wheelchair accessible seating,Amenities    Good for kids,https://lh5.googleusercontent.com/p/AF1QipNVY7IHaFB1SViZQwFod2NseaUhFcKMEOfu10Uv=w426-h240-k-no,"Humble counter-serve Chinese eatery featuring a menu of Cantonese, Sichuan & Hunan dishes.",,44.2001297,-72.50556999999999
40,Chippewa Valley Museum,4.6,cvmuseum.com,"1204 E Half Moon Dr, Eau Claire, WI 54703",Accessibility    Wheelchair accessible entrance   Wheelchair accessible parking lot   Wheelchair accessible restroom,Amenities    Good for kids,https://lh5.googleusercontent.com/p/AF1QipMC0sP4DtiENtUw-votE2Has4tG48NVB2zIvbde=w503-h240-k-no,"Local museum showcasing the Chippewa Valley people & culture through time, with an ice-cream parlor.","A place to ask questions, seek answers and be inspired. Visit the Museum to explore our exhibits and learn about the history of the Chippewa Valley.",44.8114724,-91.5176097
41,Chow Thai,4.8,chowthaiwv.com,"426 1/2 B Shrewsbury St, Charleston, WV 25301",Accessibility    Wheelchair accessible entrance   Wheelchair accessible parking lot,,https://lh5.googleusercontent.com/p/AF1QipNP1rO3fW5Ot6w-RrzvA_mFXUFIp0XDtQnk_ljS=w408-h544-k-no,"A limited menu of Thai classics & some updated items, served at a counter in a simple setting.",,38.3504863,-81.62966639999999
42,Clay Center,4.6,theclaycenter.org,"1 Clay Square, Charleston, WV 25301",Accessibility    Wheelchair accessible entrance   Wheelchair accessible parking lot,Amenities    Good for kids,https://lh5.googleusercontent.com/p/AF1QipNFgKJ4jCkGyNJJjb0k-n4ypcRwC7h7gnAg2HGV=w426-h240-k-no,"Venue for interactive exhibits, science-related movies on a jumbo screen & diverse performances.","Discover a world of music, theater, art and science at one of the most unique venues in the country. Visit an interactive museum with art and science exhibits of its own and traveling exhibitions from around the country, become immersed in a giant screen film or planetarium show on a 61-foot dome, hear world-class performances by renowned entertainers and more – all under one roof!",38.3480471,-81.6292619
43,Cody Dug Up Gun Museum,4.7,codydugupgunmuseum.com,"1020 12th St, Cody, WY 82414",Accessibility    Wheelchair accessible entrance,Amenities    Good for kids,https://lh5.googleusercontent.com/p/AF1QipNAcxUABEMsAH6LNCOF109pgZSRsej-LRWuk3Kq=w408-h306-k-no,"Vast collection of antique & vintage weapons from the Civil War, both World Wars & other periods.",,44.5265075,-109.0637237
44,Cold Hollow Cider Mill,4.6,coldhollow.com,"3600 Waterbury-Stowe Rd, Waterbury Center, VT 05677",Accessibility    Wheelchair accessible entrance,,https://lh5.googleusercontent.com/p/AF1QipPNXKHkTq87s0-26AjmYcjcTJx7zSpWX3bo3BJ-=w408-h271-k-no,"Charming spot with a bakery known for cider donuts, plus a market for syrups & other Vermont goods.","Welcome to Cold Hollow Cider Mill - Vermont to the core! Come for the fresh-pressed cider, delicious homemade foods, and legendary cider donuts. Fresh bakery, luncheonette, and hard cider tasting room in Vermont. Visit us today!",44.3817349,-72.72025769999999
45,Core Arboretum,4.8,arboretum.wvu.edu,"Monongahela Blvd, Morgantown, WV 26505",Accessibility    Wheelchair accessible entrance   Wheelchair accessible parking lot,Amenities    Good for kids,https://lh5.googleusercontent.com/p/AF1QipOhJEwFQlF5VpwLKceI0w6dc0XxNWdfGz39xc4B=w408-h306-k-no,"University park facility on 91 acres of forest & flood plain, filled with trees, plants & birds.",,39.6511803,-79.9814302
46,Cornerstone Pub & Kitchen,4.5,cornerstonepk.com,"47 N Main St, Barre, VT 05641",Accessibility    Wheelchair accessible entrance   Wheelchair accessible parking lot,Amenities    Bar onsite   Good for kids   High chairs   Restroom,https://lh5.googleusercontent.com/p/AF1QipNAZLDlvAKrMomOw5-7epSId5QdyZr5HqcenkJS=w408-h407-k-no,Casual gastropub featuring a variety of craft beers in a contemporary space with an upbeat vibe.,"A Classic American Pub and Restaurant located in newly renovated downtown Barre, Vermont. Craft beer, high-quality food and a smiling staff await you",44.1976529,-72.5014224
47,Country Music Hall of Fame and Museum,4.6,countrymusichalloffame.org,"222 Rep. John Lewis Way S, Nashville, TN 37203",Accessibility    Wheelchair accessible elevator   Wheelchair accessible entrance   Wheelchair accessible parking lot   Wheelchair accessible restroom,Amenities    Good for kids,https://lh5.googleusercontent.com/p/AF1QipOhuIJSwWOO1CJ6ce8_YdSqPUo46kHSKF9rz0vP=w408-h306-k-no,Attraction tells the story of popular American music through artifacts & interactive exhibits.,"From interactive exhibits to only-in-Nashville events and family-friendly programming, there's lots to see and do at the Country Music Hall of Fame®.",36.1582227,-86.7764364
48,Crowbar & Grill,4.5,thecrowbarandgrill.com,"202 S 2nd St, Laramie, WY 82070",Accessibility    Wheelchair accessible entrance   Wheelchair accessible restroom   Wheelchair accessible seating,Amenities    Bar onsite   Good for kids   High chairs   Restroom   Free Wi-Fi,https://lh5.googleusercontent.com/p/AF1QipMan1KT22HixA5ydhERyJSvMyTnAe6FNm-_L28e=w499-h240-k-no,Creative burgers & pizzas served along with craft brews & cocktails in a relaxed atmosphere.,,41.3118979,-105.5951175
49,Days of '76 Museum,4.5,deadwoodhistory.com,"18 76th Dr, Deadwood, SD 57732",Accessibility    Wheelchair accessible entrance   Wheelchair accessible parking lot,Amenities    Good for kids   Restaurant,https://lh5.googleusercontent.com/p/AF1QipMLv79z5QSBt-xjTqCJwLOZVH6dbEYKq5FBh8LX=w408-h272-k-no,"Seasonal museum to the annual Days of '76 festival, with memorabilia & a range of exhibits.",,44.3858525,-103.7159179
50,Dempsey's Brewery Restaurant & Pub,4.7,dempseybrewpub.com,"127 N Broadway, Watertown, SD 57201",Accessibility    Wheelchair accessible entrance   Wheelchair accessible parking lot   Wheelchair accessible restroom   Wheelchair accessible seating,Amenities    Bar onsite   Good for kids   High chairs,https://lh5.googleusercontent.com/p/AF1QipPKlRbghSmMoKHHLG0mzSPZGRtothmPCg6DGgfy=w408-h544-k-no,"Irish pub grub, brick-oven pies & microbrews served in a flag-adorned space with a seasonal deck.",,44.90298079999999,-97.1140866
51,Dinosaur Park,4.3,rcgov.org,"940 Skyline Dr, Rapid City, SD 57701",Accessibility    Wheelchair accessible parking lot,Amenities    Good for kids,https://lh5.googleusercontent.com/p/AF1QipPkVBGfg-SRcW3xYBsrV5JMUC1sc0e3-Aqq-OxF=w408-h306-k-no,Kitschy 1930s cement dinosaurs star at this 20-acre park on a hill with city & prairie views.,City of Rapid City,44.0778268,-103.2440296
52,Discovery World,4.6,discoveryworld.org,"500 N Harbor Dr, Milwaukee, WI 53202",Accessibility    Wheelchair accessible elevator   Wheelchair accessible entrance   Wheelchair accessible parking lot   Wheelchair accessible restroom   Wheelchair rental,Amenities    Good for kids   Restaurant   Restroom   Free Wi-Fi,https://lh5.googleusercontent.com/p/AF1QipN-HO6jE0vIjIYJMNP9vQicMcMC7vJBXc4SYNQ5=w426-h240-k-no,"Lakefront museum & aquarium showcasing innovation, technology & Great Lakes conservation.","Located on the shoreline of Lake Michigan, Discovery World Science and Technology Museum is one of Milwaukee's best things to do for children and families.",43.0368557,-87.8957252
53,Dorsey's Knob Park and Disc Golf Course,4.5,boparc.org,"1107 Dorsey Ave, Morgantown, WV 26501",Accessibility    Wheelchair accessible entrance   Wheelchair accessible parking lot,Amenities    Good for kids,https://lh5.googleusercontent.com/p/AF1QipP-9teG04HuqldZ5aA97S_7hLsSas1KySFVzoto=w408-h306-k-no,"Picturesque, hilltop park featuring a range of trails, a disc-golf course & playground on 70 acres.",,39.6152909,-79.95267079999999
54,"ECHO, Leahy Center for Lake Champlain",4.6,echovermont.org,"1 College St, Burlington, VT 05401",Accessibility    Wheelchair accessible elevator   Wheelchair accessible entrance   Wheelchair accessible parking lot   Wheelchair accessible restroom,Amenities    Gender-neutral restroom   Good for kids   Restaurant   Restroom   Free Wi-Fi,https://lh5.googleusercontent.com/p/AF1QipObq-mGAJN7HLG2V1UjwkuhocNCx1Jc1fGQ9Msh=w408-h306-k-no,"Kid-focused museum with 70+ species of animals, interactive exhibits about lake ecology & a cafe.","ECHO is the premiere science and nature museum on Lake Champlain. ECHO's mission is to inspire and engage families in the joy of scientific discovery, wonder of nature, and care of Lake Champlain. Open 10 a.m. to 5 p.m., visit us at: 1 College St., Burlington, VT 05401",44.4764229,-73.22100449999999
55,Figaretti's Restaurant,4.5,figarettis.net,"1035 Mount Dechantal Rd, Wheeling, WV 26003",Accessibility    Wheelchair accessible entrance   Wheelchair accessible parking lot,Amenities    Good for kids   High chairs   Restroom   Free Wi-Fi,https://lh5.googleusercontent.com/p/AF1QipN-gprLoi5rTQ4ZMMa5W0lX5a_yH5wy3FdJ-pOl=w408-h306-k-no,Longtime family-run standby offers traditional Italian plates & signature spaghetti sauce for sale.,At Figaretti's Italian Restaurant the seasoned and professional staff ensures a memorable experience with their meticulous attention to detail.,40.0660776,-80.6926345
56,Fort Laramie National Historic Site,4.7,nps.gov,"965 Grey Rocks Road, Fort Laramie, WY 82212",Accessibility    Wheelchair accessible entrance   Wheelchair accessible parking lot,Amenities    Good for kids,https://lh5.googleusercontent.com/p/AF1QipNClP-QWib0zEUB8lztUDY7miPB2-I1pbdD8NKA=w408-h306-k-no,Historic site with a visitor center offers audio tours of the military post plus outdoor activities.,The National Park Service cares for special places saved by the American people so that all may experience our heritage.,42.2090231,-104.5520801
57,Gatlinburg Scenic Overlook,4.8,,"Gatlinburg, TN 37738",Accessibility    Wheelchair accessible entrance,,https://lh5.googleusercontent.com/p/AF1QipP1z5R7Rq1XdrFoAs1rgJXPyMGoEr_W_nGD3Kf0=w408-h306-k-no,This popular roadside overlook features panoramic views of the city & surrounding mountains.,,35.714259,-83.5101638
58,Gatlinburg Space Needle,4.5,gatlinburgspaceneedle.com,"115 Historic Nature Trail, Gatlinburg, TN 37738",Accessibility    Wheelchair accessible entrance   Wheelchair accessible parking lot,Amenities    Good for kids,https://lh5.googleusercontent.com/p/AF1QipOG-2IK-TjaF3TNjX42VgaloNb79G-cnX3WQcHM=w408-h309-k-no,"Opened in 1969, the 407-ft. observation tower offers an outdoor viewing deck, a theater & an arcade.",,35.7107036,-83.5180568
59,Gordon Bubolz Nature Preserve,4.6,bubolzpreserve.org,"4815 N Lynndale Dr, Appleton, WI 54913",Accessibility    Wheelchair accessible entrance   Wheelchair accessible parking lot,Amenities    Good for kids,https://lh5.googleusercontent.com/p/AF1QipN5r_e9zmG43Gb-nScu-_z5u9jNEta77XuVNKRx=w408-h544-k-no,"Unspoiled natural landscape with trails for hiking & cross-country skiing, plus an education center.",,44.3118494,-88.449038
60,Graceland,4.5,graceland.com,"Elvis Presley Blvd, Memphis, TN 38116",Accessibility    Assistive hearing loop   Wheelchair accessible entrance   Wheelchair accessible parking lot   Wheelchair accessible restroom,Amenities    Good for kids   Restaurant   Restroom,https://lh5.googleusercontent.com/p/AF1QipNwW-_v32E0Jl6pz5RMBFboYrI2z5kg6Q9HhoZl=w408-h306-k-no,"Elvis Presley's famed estate featuring mansion tours, exhibits, a car museum & 2 jets.",,35.0370145,-90.025146
61,Granny's Restaurant,4.2,grannysrestaurantwy.com,"1550 Sheridan Ave, Cody, WY 82414",Accessibility    Wheelchair accessible entrance   Wheelchair accessible parking lot   Wheelchair accessible seating,Amenities    Good for kids   High chairs,https://lh5.googleusercontent.com/p/AF1QipNtXP7pvl2KWQyDD3WYIfL23fYnwOAjkFAeP_sE=w408-h306-k-no,Homestyle American meals are served up from early morning to night in a relaxed space with a patio.,"Welcome to Granny's Restaurant! We are located at 1550 Sheridan Ave, Cody, WY 82414. Our phone number is 307-587-4829. We look forward to seeing you soon!",44.5257837,-109.0573368
62,Graze Restaurant,4.4,grazemadison.com,"1 S Pinckney St, Madison, WI 53703",Accessibility    Wheelchair accessible entrance   Wheelchair accessible restroom   Wheelchair accessible seating   Wheelchair accessible parking lot,Amenities    Bar onsite   Good for kids   High chairs,https://lh5.googleusercontent.com/p/AF1QipOujeB_n2hayiB98qWijDvFZy7yEdpdgUqH30Qn=w408-h407-k-no,Lively gastropub plating farm-to-table comfort fare in a modern glass venue with Capitol views.,Graze is a farm-to-table Madison restaurant with menus that feature a range of classics executed on a higher level than traditional pub fare. ,43.07505159999999,-89.382212
63,Great Plains Zoo & Delbridge Museum of Natural History,4.4,greatzoo.org,"805 S Kiwanis Ave, Sioux Falls, SD 57104",Accessibility    Wheelchair accessible entrance,Amenities    Good for kids,https://lh5.googleusercontent.com/p/AF1QipO8kwlaLu_GeS9mNWgO_gYmSWKGKojjMx96gwqe=w408-h270-k-no,Zoo with wildlife from around the world plus a museum with over 100 mounted animals.,"Home to hundreds of animals, the Great Plains Zoo & Delbridge Museum of Natural History is a source of affordable family fun.",43.5392292,-96.76269889999999
64,Green Bay Botanical Garden,4.8,gbbg.org,"2600 Larsen Rd, Green Bay, WI 54303",Accessibility    Wheelchair accessible entrance   Wheelchair accessible parking lot,Amenities    Good for kids,https://lh5.googleusercontent.com/p/AF1QipObjQ9bPBg4rnh7symS4nn5k0auU2Je9ckbjl2Y=w426-h240-k-no,"47-acre botanical garden offering areas devoted to roses, native plants, apples & more, plus events.",Green Bay Botanical Garden is a 100% community supported non-profit and botanical garden that connects people with plants.,44.531701,-88.0995099
65,Green Mountain National Forest,4.7,fs.usda.gov,"231 N Main St, Rutland, VT 05701",Accessibility    Wheelchair accessible entrance   Wheelchair accessible parking lot,Amenities    Good for kids,https://lh5.googleusercontent.com/p/AF1QipPDY51--KAQB24X-FSwkYk0aQUeuQKtCPKBif3O=w408-h306-k-no,"Backcountry area with waterfalls, cliffs, ponds & trails for hiking, camping & outdoor recreation.",,43.6253614,-72.9758597
66,Gus's World Famous Fried Chicken,4.6,gusfriedchicken.com,"310 S Front St, Memphis, TN 38103",Accessibility    Wheelchair accessible entrance   Wheelchair accessible parking lot   Wheelchair accessible restroom   Wheelchair accessible seating,Amenities    Good for kids   High chairs,https://lh5.googleusercontent.com/p/AF1QipNWgfpNC6We4CAy16ZMiRl_0dz4c3sUJd5bu9va=w408-h372-k-no,Long-running chain serving spicy fried chicken & comfort sides in a low-key setting.,,35.1382523,-90.05778149999999
67,Hampton History Museum,4.5,hampton.gov,"120 Old Hampton Ln, Hampton, VA 23669",Accessibility    Wheelchair accessible entrance   Wheelchair accessible parking lot,Amenities    Good for kids,https://lh5.googleusercontent.com/p/AF1QipNSkeIDsiclOjG_lT78UNqLAgkLHjVzXOd_UFH3=w408-h296-k-no,"Venue displaying the city's history via art & artifacts, including period dresses & Civil War ruins.",,37.0253331,-76.346679
68,Hampton Roads Naval Museum,4.6,history.navy.mil,"1 Waterside Dr Suite 248, Norfolk, VA 23510",Accessibility    Wheelchair accessible entrance   Wheelchair accessible parking lot,Amenities    Good for kids,https://lh5.googleusercontent.com/p/AF1QipP7af9plHtgmS_i8T_6nxOs6xiZAhqoRbFrgP8O=w426-h240-k-no,"Museum devoted to 237 years of Hampton Roads Naval history, featuring ship models & artifacts.",,36.8476241,-76.2945682
69,Harris Riverfront Park,4.3,ghprd.org,"10th St &, Veterans Memorial Blvd, Huntington, WV 25701",Accessibility    Wheelchair accessible entrance   Wheelchair accessible parking lot,Amenities    Good for kids,https://lh5.googleusercontent.com/p/AF1QipMgxXddkVNoPUTvrcyre9UbhIOWMmrL0obL6fSm=w408-h306-k-no,"Green space with a skate park, playground & amphitheater, plus picnic tables & exercise equipment.",,38.4235699,-82.4436861
70,Hearthstone Historic House Museum,4.8,hearthstonemuseum.org,"625 W Prospect Ave, Appleton, WI 54911",Accessibility    Wheelchair accessible entrance   Wheelchair accessible parking lot   Wheelchair accessible restroom,,https://lh5.googleusercontent.com/p/AF1QipMyYmXZ3tJLnUhE8d5-hvz6rwtsGeAwTasAmwWa=w408-h334-k-no,Guided tours & exhibits are offered at this 19th-century residence once powered by hydroelectricity.,"Hearthstone is a nationally significant engineering site as the first house 
in the United States to be incandescently illuminated by a hydroelectric 
powered Western Edison Electric Light Company dynamo power station and an 
Edison Electric System.",44.2542953,-88.4149779
71,Henry Vilas Zoo,4.7,henryvilaszoo.gov,"702 S Randall Ave, Madison, WI 53715",Accessibility    Wheelchair accessible entrance,Amenities    Good for kids,https://lh5.googleusercontent.com/p/AF1QipPv3sImkvfo8mwXA5BH9H9t9Cow9annpKiR4C9i=w408-h544-k-no,"Offering free entry, this zoo features animals from around the world, plus gifts, food & treats.","The Henry Vilas Zoo is an admission-free, community supported zoo in Dane County, WI. Learn more about our zoo, animals & values today.",43.0605799,-89.40995749999999
72,Heritage Farm Museum & Village,4.8,heritagefarmmuseum.com,"3300 Harvey Rd, Huntington, WV 25704",Accessibility    Wheelchair accessible entrance   Wheelchair accessible parking lot   Wheelchair accessible restroom,Amenities    Good for kids   Restaurant   Restroom   Free Wi-Fi,https://lh5.googleusercontent.com/p/AF1QipNcPCNl1J6l0REQZ94BNJ6vGGps5onmD9NOp6Nf=w408-h306-k-no,"Replica Appalachian village recreates rural life with school, mercantile & other building tours.",,38.3764274,-82.4671947
73,Heritage Hill State Historical Park,4.6,heritagehillgb.org,"2640 S Webster Ave, Green Bay, WI 54301",Accessibility    Wheelchair accessible entrance   Wheelchair accessible parking lot   Wheelchair accessible restroom   Wheelchair accessible seating,Amenities    Good for kids   Public restroom,https://lh5.googleusercontent.com/p/AF1QipOrFQ_qgRjWX3_PzgAqysXK2gUfkW2uh814Yuox=w426-h240-k-no,48-acre outdoor living history museum on the Fox River dedicated to showcasing Wisconsin’s past.,,44.4734353,-88.03134100000001
74,Heritage Port,4.5,wheelingwv.gov,"Wheeling, WV 26003",Accessibility    Wheelchair accessible entrance   Wheelchair accessible parking lot,Amenities    Good for kids,https://lh5.googleusercontent.com/p/AF1QipN731ZegumEI4H-IDrShmkhIsn9uscH9zhMC1PW=w408-h306-k-no,Year-round festivals & live entertainment draw crowds to this riverfront park along a bike trail.,Official Website for the City of Wheeling West Virginia,40.0639616,-80.7209149
75,Hollywood Star Cars Museum,4.6,starcarstn.com,"914 Parkway, Gatlinburg, TN 37738",Accessibility    Wheelchair accessible entrance,Amenities    Good for kids,https://lh5.googleusercontent.com/p/AF1QipO5ToLl25K5FeEOvFLu2oHt1qO5Q54uNljG4NmA=w408-h408-k-no,Automobile archive featuring famous film & TV cars including the General Lee & 1966 Batmobile.,,35.7105577,-83.5191148
76,Honey Road,4.7,honeyroadrestaurant.com,"156 Church St, Burlington, VT 05401",Accessibility    Wheelchair accessible entrance,Amenities    Bar onsite   Gender-neutral restroom   Good for kids   High chairs   Restroom,https://lh5.googleusercontent.com/p/AF1QipMXkltaSqRv7Ui25qMgCc5IhN5Zlee_MKIaxK13=w408-h544-k-no,"Sophisticated Mediterranean small plates, cocktails & creative desserts in a comfy tavern setting.","James Beard Nominated Eastern Mediterranean Restaurant in Burlington, 
Vermont. Honey Road is a women-owned-and-operated, small plates, mezze.",44.4761196,-73.2122436
77,Huntington Museum of Art,4.8,hmoa.org,"2033 McCoy Rd, Huntington, WV 25701",Accessibility    Wheelchair accessible entrance   Wheelchair accessible parking lot   Wheelchair accessible restroom,Amenities    Good for kids,https://lh5.googleusercontent.com/p/AF1QipMSyYwHbHPQ6pjOe5i_mKDqOeIkG3ptaL09QI78=w408-h270-k-no,"Longtime museum featuring a large, varied collection of art, plus hiking trails & a conservatory.",,38.3928053,-82.4345228
78,Ijams Nature Center,4.8,ijams.org,"2915 Island Home Ave, Knoxville, TN 37920",Accessibility    Wheelchair accessible entrance   Wheelchair accessible parking lot,Amenities    Good for kids   Public restroom,https://lh5.googleusercontent.com/p/AF1QipMRyIfWmCQStC3esK0dkdwBEzJCug0uIlxhiwqu=w475-h240-k-no,Wetlands & rock formations fill urban nature park with 10 miles of trails plus bike & canoe rental.,Ijams Nature Center is a nonprofit nature center inspiring people to care for the Earth through engaging education programs and outdoor experiences.,35.9575031,-83.8693438
79,Jackson Hole Aerial Tram and Gondola Rides,4.7,jacksonhole.com,"3275 West Village Dr, Teton Village, WY 83025",Accessibility    Wheelchair accessible entrance   Wheelchair accessible parking lot,Amenities    Good for kids,https://lh5.googleusercontent.com/p/AF1QipNjWG6-Fc9K1ZBHs8VCkxjtdyJbehbxykt7AqUs=w408-h272-k-no,"Aerial gondola rides over a picturesque valley to a peak with 3 restaurants, skiing & hiking trails.",,43.5872728,-110.8280002
80,Jackson Hole Rodeo,4.6,jhrodeo.com,"447 W Snow King Ave, Jackson, WY 83001",Accessibility    Wheelchair accessible entrance   Wheelchair accessible parking lot,Amenities    Good for kids,https://lh5.googleusercontent.com/p/AF1QipNYSeUewyF8lAlV9p7kXwQmJAdQWYNHuTVd-MVH=w408-h306-k-no,"Roping events, bronco riding & other rodeo activities star at this outdoor arena & concession stand.",,43.4731263,-110.7676381
81,Jackson Town Square,4.6,jacksonwy.gov,"10 E Broadway Ave, Jackson, WY 83001",Accessibility    Wheelchair accessible entrance   Wheelchair accessible parking lot,Amenities    Good for kids,https://lh5.googleusercontent.com/p/AF1QipNsw8AkdQYOYOoBVVTd2m1RufEXClglXjoEwjjN=w408-h306-k-no,Popular park with iconic elk antler archways at each corner & a grassy center with trees & benches.,,43.4792459,-110.762062
82,JayDee's Family Fun Center,4.2,jaydeesfun.com,"2332 Henshaw Rd, Inwood, WV 25428",Accessibility    Wheelchair accessible entrance   Wheelchair accessible parking lot,Amenities    Good for kids   Restaurant   Restroom,https://lh5.googleusercontent.com/p/AF1QipPWOjaMT9946Hkjer0RfN5f64T-cyDH5eUNiWtx=w426-h240-k-no,"Vast, family-friendly entertainment center with go-karts, arcade, water park & other activities.","Family fun center located in Inwood, West Virginia.",39.3602656,-78.0522613
83,Kervan Kebab House,4.7,,"1757 Parkview Dr Suite B, Chesapeake, VA 23320",Accessibility    Wheelchair accessible entrance   Wheelchair accessible parking lot,Amenities    Good for kids   Restroom   Free Wi-Fi,https://lh5.googleusercontent.com/p/AF1QipNCt4k9XBZ7AETRNmpIyVGJ968AExVmfPV4Fzex=w408-h306-k-no,Unfussy Turkish counter serve with a few eat-in tables & section of imported groceries.,,36.7929979,-76.2383567
84,Knoxville Museum of Art,4.7,knoxart.org,"1050 Worlds Fair Park Dr, Knoxville, TN 37916",Accessibility    Wheelchair accessible elevator   Wheelchair accessible entrance   Wheelchair accessible parking lot   Wheelchair accessible restroom,Amenities    Good for kids,https://lh5.googleusercontent.com/p/AF1QipP-LDDg_exkkH9pwk2NoTencgkW0HCMeTjvg5ek=w408-h306-k-no,"Exhibits of regional art & traveling shows, plus concerts & classes, in a modern 4-story facility.",,35.9624695,-83.9252546
85,Kruger Street Toy and Train Museum,4.6,toyandtrain.com,"144 Kruger St, Wheeling, WV 26003",Accessibility    Wheelchair accessible elevator   Wheelchair accessible entrance   Wheelchair accessible parking lot   Wheelchair accessible restroom,Amenities    Good for kids   Restroom   Free Wi-Fi   Restaurant,https://lh5.googleusercontent.com/p/AF1QipOApvtrem7-cWFm0CBgdrSgl_yUJv74xNYMklK3=w408-h306-k-no,Nostalgic place with extensive exhibits of classic toys as well as operating model train layouts.,,40.04047620000001,-80.65844249999999
86,La Minestra,4.5,,"106 E Dakota Ave, Pierre, SD 57501",Accessibility    Wheelchair accessible entrance   Wheelchair accessible parking lot,Amenities    High chairs,https://lh5.googleusercontent.com/p/AF1QipPzO7TBdFSpXfY8FLsNFrokFGJ9cJ5hzBJFZ449=w408-h408-k-no,"Gourmet pizza, traditional Italian cuisine & cocktails offered in a relaxed restaurant.",,44.3655672,-100.3543947
87,Laramie Plains Museum,4.7,laramiemuseum.org,"603 E Ivinson Ave, Laramie, WY 82070",Accessibility    Wheelchair accessible entrance   Wheelchair accessible parking lot,Amenities    Good for kids,https://lh5.googleusercontent.com/p/AF1QipPvLQoPPqski8dhPbg6AofoHYbghzNSaLWhMVVV=w408-h544-k-no,"Historic Ivinson Mansion, with a collection of artifacts relating to the area's local history.",,41.3120457,-105.5890709
88,Lewis Ginter Botanical Garden,4.8,lewisginter.org,"1800 Lakeside Ave, Henrico, VA 23228",Accessibility    Wheelchair accessible entrance   Wheelchair accessible parking lot,Amenities    Good for kids,https://lh5.googleusercontent.com/p/AF1QipOsTOyEZW1spRyKgk5r4uBqmwoHGvBCXemR1pxF=w408-h272-k-no,"Year-round locale with 50 acres of themed gardens, dining options & a classical domed conservatory.",,37.6209518,-77.47044369999999
89,Lookout Mountain Incline Railway,4.4,ridetheincline.com,"3917 St Elmo Ave, Chattanooga, TN 37409",Accessibility    Wheelchair accessible entrance   Wheelchair accessible parking lot,Amenities    Good for kids,https://lh5.googleusercontent.com/p/AF1QipNCCOPpVOnkukhdEgnxJFjcOTbiN3efP9cmZz3q=w408-h544-k-no,100+-yr.-old vertical gauge railway ride to historic sites & trails with impressive vistas.,"Experience the Incline Railway, America's Most Amazing Mile, today! Ascend historic Lookout Mountain at a 72.7% grade and take in the views on a Funicular Railway. Click to learn more about the Incline Railway.",35.009535,-85.32846289999999
90,Mader's Restaurant,4.5,madersrestaurant.com,"1041 N Old World 3rd St, Milwaukee, WI 53203",Accessibility    Wheelchair accessible entrance   Wheelchair accessible parking lot,Amenities    Bar onsite   Good for kids   High chairs   Restroom   Free Wi-Fi,https://lh5.googleusercontent.com/p/AF1QipMUk4qb1cWrPKAxMel10o2ZMApULLLsoyWvPomt=w408-h293-k-no,"Old-school place offering classic German cuisine, Bavarian decor & traditionally attired waitstaff.",Maders Restaurant is the Best German Restaurant with unique German Beers in Milwaukee.,43.0438476,-87.91490150000001
91,Madison Children's Museum,4.7,madisonchildrensmuseum.org,"100 N Hamilton St, Madison, WI 53703",Accessibility    Wheelchair accessible elevator   Wheelchair accessible entrance   Wheelchair accessible parking lot   Wheelchair accessible restroom,Amenities    Good for kids   Restaurant   Restroom,https://lh5.googleusercontent.com/p/AF1QipN2kXap2yk1fFSVm78smPeIPy5fFO_JiT6X4vPF=w408-h271-k-no,3 floors of interactive & educational exhibits designed for kids 12 & under plus a cafe.,"Play matters. It’s how we learn to invent, share, and explore. Madison Children’s Museum bursts with chances to play and learn: to stretch bodies and minds, solve problems, create art, make friends, and, most of all, have fun. We’re an inspiring space where kids lead, and grownups are happy to follow. Plan a trip to Madison",43.0769396,-89.3843946
92,Magic Island Park,4.2,,"Berkeley St, Charleston, WV 25302",Accessibility    Wheelchair accessible entrance   Wheelchair accessible parking lot,Amenities    Good for kids,https://lh5.googleusercontent.com/p/AF1QipOG7aj0F-F-DlA17cFs5fFSCMFZFjc2sTPlDzWX=w408-h544-k-no,"Public park on the Kanawha River with a playground, splash pad, grassy areas & walking paths.",,38.3590868,-81.6492186
93,Mama J's Kitchen,4.5,mamajskitchen.com,"415 N 1st St, Richmond, VA 23219",Accessibility    Wheelchair accessible entrance,Amenities    Good for kids   High chairs,https://lh5.googleusercontent.com/p/AF1QipPaHUbE3EQ5E6PteCx47Yo8S_jWtHxm7gWcBjA2=w437-h240-k-no,"Southern & soul food with a full bar are offered in a casual, modern cafe setting with a chill vibe.","Richmond's best Southern & Soul Food restaurant, with a full bar in a relaxed modern cafe setting.",37.5464391,-77.4395302
94,Mavericks Steak & Cocktails,4.4,maverickssteak.com,"688 Main St, Deadwood, SD 57732",Accessibility    Wheelchair accessible elevator   Wheelchair accessible entrance,Amenities    Bar onsite   High chairs   Restroom,https://lh5.googleusercontent.com/p/AF1QipPiJJzlfTMweKKaBCPp3dGB76K7R6MQHjVWlCY=w408-h299-k-no,"Steaks, burgers, draft beer & sports on TV in a Western-themed setting at the Gold Dust Casino.",,44.3767534,-103.7308125
95,Maymont,4.8,maymont.org,"1700 Hampton St, Richmond, VA 23220",Accessibility    Wheelchair accessible entrance   Wheelchair accessible parking lot   Wheelchair accessible restroom,Amenities    Gender-neutral restroom   Good for kids,https://lh5.googleusercontent.com/p/AF1QipMH7K2ULnvcQBHJXVzgCURiulqWA5MBVQ9EjD9f=w408-h306-k-no,"A 19th-century estate hosting events & tours of its Gilded Age mansion, gardens & wildlife center.",,37.5344166,-77.4782188
96,Memphis Rock 'n' Soul Museum,4.6,memphisrocknsoul.org,"Just South of Beale at FedExForum, 191 Beale St, Memphis, TN 38103",Accessibility    Wheelchair accessible entrance   Wheelchair accessible parking lot   Wheelchair accessible restroom,Amenities    Good for kids   Restroom,https://lh5.googleusercontent.com/p/AF1QipOEo7VnLmAtTY4pl7Z2vrSgN-L8FagckEqrYB14=w408-h544-k-no,Story of the roots & influence of Bluff City's rock & soul music told through interactive media.,,35.1403138,-90.0548458
97,Miazga's,4.6,miazgas.com,"399 W Broadway, Jackson, WY 83001",Accessibility    Wheelchair accessible entrance   Wheelchair accessible parking lot,Amenities    Bar onsite   Good for kids   High chairs,https://lh5.googleusercontent.com/p/AF1QipOyN-vfCaxquWPgVlUefUW2R3BIMEQ28HbEe4JX=w408-h272-k-no,"Modest eatery with a menu of classic Polish & Italian comfort food, plus outdoor seating.","Welcome to Miazga’s, where the food’s homemade and you’re family. Serving 
up the home-style comfort food and simple, classic dishes we grew up eating 
and loving at mom & pop shops back East.",43.4798535,-110.769223
98,Millstone Family Restaurant,4.3,bhmillstone.com,"1520 N Lacrosse St, Rapid City, SD 57701",Accessibility    Wheelchair accessible entrance   Wheelchair accessible parking lot,Amenities    Good for kids   High chairs,https://lh5.googleusercontent.com/p/AF1QipOy6e9bh-CZZRv4u2SEX0yfMF-ic9ZpsaYxqYJa=w426-h240-k-no,"Unassuming American joint with homestyle eats, a soup & salad bar & a large breakfast menu.",,44.0997388,-103.2011176
99,Milwaukee County Zoo,4.6,milwaukeezoo.org,"10001 W Bluemound Rd, Milwaukee, WI 53226",Accessibility    Wheelchair accessible entrance,Amenities    Good for kids,https://lh5.googleusercontent.com/p/AF1QipN8Q85U5YuU5jY_9eqB_fSssgiW1FTZPQxATTH_=w426-h240-k-no,"200-acre zoo featuring animal exhibits, pony & train rides, a carousel & a sea lion show.",,43.032701,-88.0377606
100,Mitchell Park Domes,4.7,mitchellparkdomes.com,"524 S Layton Blvd, Milwaukee, WI 53215",Accessibility    Wheelchair accessible entrance   Wheelchair accessible parking lot,Amenities    Good for kids,https://lh5.googleusercontent.com/p/AF1QipN836bn6_5np7q-ZUJ9KlANr_qlbgrUSEciXh19=w408-h272-k-no,"Horticultural conservatory showcasing desert, jungle & seasonal flora plus a model railroad.","Plants make people happy & we have over 2,000 species housed in our tropical, desert and floral domes at the Mitchell Park Horticultural Conservatory in Milwaukee",43.0261557,-87.9463935
101,Montshire Museum of Science,4.8,montshire.org,"1 Montshire Rd, Norwich, VT 05055",Accessibility    Wheelchair accessible elevator   Wheelchair accessible entrance   Wheelchair accessible parking lot   Wheelchair accessible restroom,Amenities    Gender-neutral restroom   Good for kids   Restroom   Free Wi-Fi   Restaurant,https://lh5.googleusercontent.com/p/AF1QipOU7x-DpQF-7OAoLPfFeEwv_8O_57Q5j-iFIR6o=w408-h272-k-no,"Modern complex with interactive exhibits, an aquarium & an outdoor science park & nature trails.",,43.7003295,-72.3052159
102,Morgantown History Museum,4.7,morgantownhistorymuseum.org,"175 Kirk St, Morgantown, WV 26505",Accessibility    Wheelchair accessible entrance   Wheelchair accessible parking lot,Amenities    Good for kids,https://lh5.googleusercontent.com/p/AF1QipNCupgcKFL2FXZqEYPRfyH6Tyf9OKwROUIPw_Gc=w506-h240-k-no,Local & regional history displayed in a city-sponsored museum with temporary exhibits.,,39.6282317,-79.9578248
103,Mount Rushmore National Memorial,4.7,nps.gov,"13000 SD-244, Keystone, SD 57751",Accessibility    Wheelchair accessible entrance   Wheelchair accessible parking lot,Amenities    Good for kids,https://lh5.googleusercontent.com/p/AF1QipN77i3hnEERBZxibwEBiIXwTYFrJ9h9Oc7R3AGg=w408-h306-k-no,Massive mountainside sculpture drawing crowds for its depiction of 4 former American presidents.,The National Park Service cares for special places saved by the American people so that all may experience our heritage.,43.8765556,-103.4546977
104,Nashville Zoo at Grassmere,4.5,nashvillezoo.org,"3777 Nolensville Pike, Nashville, TN 37211",Accessibility    Wheelchair accessible entrance,Amenities    Good for kids,https://lh5.googleusercontent.com/p/AF1QipOgZcKcSuYJ3GvMJPSU7pqqBib0rZHjjk8DfHyc=w408-h306-k-no,"Multiple habitats housing a global array of animals, plus a popular playground for kids.",,36.089966,-86.7337627
105,National Elk Refuge,4.7,fws.gov,"675 E Broadway Ave, Jackson, WY 83001",Accessibility    Wheelchair accessible entrance   Wheelchair accessible parking lot,Amenities    Good for kids,https://lh5.googleusercontent.com/p/AF1QipPhf5sIqC1RUw9CmL49Ae7N4Gp_vqPWm3vV0fhW=w408-h271-k-no,Various wildlife inhabit this preserve where elk herds descend in winter & sleigh rides are offered.,"United States federal agency that manages national wildlife refuges, protects endangered species, manages migratory birds, restores nationally significant fisheries, and enforces federal wildlife laws.",43.4800117,-110.7474445
106,National Historic Trails Interpretive Center,4.9,nhtcf.org,"1501 N Poplar St, Casper, WY 82601",Accessibility    Wheelchair accessible entrance   Wheelchair accessible parking lot,Amenities    Good for kids,https://lh5.googleusercontent.com/p/AF1QipMXAUqhHIxuN2g5NLHI_L6BDzAUPHz2I9hx9bs=w408-h306-k-no,Interactive exhibits provide a glimpse of life on the road from packing wagons to crossing rivers.,"Come experience the truly legendary history of the west with our hands-on exhibits that capture the real-life drama that over 400,000 pioneers experienced!",42.8663699,-106.3370894
107,Nauticus,4.7,nauticus.org,"1 Waterside Dr, Norfolk, VA 23510",Accessibility    Wheelchair accessible entrance   Wheelchair accessible parking lot   Wheelchair accessible restroom,Amenities    Good for kids,https://lh5.googleusercontent.com/p/AF1QipPiB4wSrXM-zHHHFGxSGHnVBGbBiYOtV-Hl2-rF=w427-h240-k-no,"Waterfront maritime museum with science exhibits, an aquarium & a historic battleship.",,36.847782,-76.295031
108,Nicolaysen Art Museum,4.5,thenic.org,"400 E Collins Dr, Casper, WY 82601",Accessibility    Wheelchair accessible entrance   Wheelchair accessible restroom,,https://lh5.googleusercontent.com/p/AF1QipMog_yAa1M9hTXc1aLzN1P18jtpTo9UkREzc_RF=w408-h272-k-no,Traditional & contemporary Western art is on display at this facility with a self-guided studio.,The Cultural Center of Wyoming,42.8480384,-106.3203507
109,No Frill Bar And Grill,4.6,nofrillgrill.com,"806 Spotswood Ave, Norfolk, VA 23517",Accessibility    Wheelchair accessible entrance   Wheelchair accessible parking lot   Wheelchair accessible restroom   Wheelchair accessible seating,Amenities    Bar onsite   Gender-neutral restroom   Good for kids   High chairs   Free Wi-Fi,https://lh5.googleusercontent.com/p/AF1QipOt1aTUivpVv9hDqGDx3WbbECimIoXDdo1nwxKN=w408-h306-k-no,"Casual American eatery with a broad menu of comfort food, pitas & salads in a colorful cafe setting.",,36.8687398,-76.2979154
110,Norfolk Botanical Garden,4.8,norfolkbotanicalgarden.org,"6700 Azalea Garden Rd, Norfolk, VA 23518",Accessibility    Wheelchair accessible entrance   Wheelchair accessible parking lot,Amenities    Good for kids,https://lh5.googleusercontent.com/p/AF1QipMNz_0tNspEwzjSVCahgy2SNNFIx_zFa42IQAP2=w408-h306-k-no,"April azaleas are the showstoppers at this lush green space, which also features 450 rose varieties.",,36.902997,-76.2059192
111,Northwest River Park,4.7,cityofchesapeake.net,"1733 Indian Creek Rd, Chesapeake, VA 23322",Accessibility    Wheelchair accessible entrance   Wheelchair accessible parking lot,Amenities    Good for kids,https://lh5.googleusercontent.com/p/AF1QipPaYgbGRBa6KBr7ZRE_gYH1V8btbodvIaYqBEub=w408-h306-k-no,"Riverside park offering fishing, boating, camping, horse riding, putt-putt & more. Open year-round.",City of Chesapeake's official information and online services source.,36.5861415,-76.1526939
112,Oahe Downstream State Recreation Area,4.6,gfp.sd.gov,"20439 Marina Loop, Fort Pierre, SD 57532",Accessibility    Wheelchair accessible entrance   Wheelchair accessible parking lot,Amenities    Good for kids,https://lh5.googleusercontent.com/p/AF1QipNwZg2mFgJoTYjhE33RJHBYOYUkfRWsCMiz4asr=w426-h240-k-no,"Waterfront campground & hiking area with fishing, disc golf & wildlife, including bald eagles.",,44.43448370000001,-100.3913109
113,Oakledge Park,4.7,enjoyburlington.com,"11 Flynn Ave, Burlington, VT 05401",Accessibility    Wheelchair accessible entrance   Wheelchair accessible parking lot,Amenities    Good for kids,https://lh5.googleusercontent.com/p/AF1QipNVtW6ATT2G16tWABQjbjRgD2FFQjKdowoP2vjP=w408-h306-k-no,"Located on Lake Champlain, this park has a rocky swimming beach, sports facilities & a playground.",,44.4548315,-73.22645849999999
114,Oglebay Good Zoo,4.4,oglebay.com,"345 Zoo Cir, Wheeling, WV 26003",Accessibility    Wheelchair accessible entrance,Amenities    Good for kids,https://lh5.googleusercontent.com/p/AF1QipOzN__8_HRfFLE3uivtq1gfAytmpeyyAo884bYG=w426-h240-k-no,Rare & endangered species reside in this large zoo with a variety of exhibits & nature programs.,,40.0970856,-80.6667129
115,Oglebay Institute Glass Museum,4.5,oionline.com,"1330 Oglebay Dr, Wheeling, WV 26003",Accessibility    Wheelchair accessible entrance   Wheelchair accessible parking lot,,https://lh5.googleusercontent.com/p/AF1QipP-W4ir2-vuwCVaMOoFHh8DeIcNJfgaXh7Cyv7g=w426-h240-k-no,"Museum featuring a collection of glass art & various crafts, plus glass-blowing demonstrations.","Oglebay Institute in Wheeling, West Virginia fosters appreciation, expression and discovery by engaging people of all ages and abilities in the arts.",40.1039727,-80.66669929999999
116,Olbrich Botanical Gardens,4.8,olbrich.org,"3330 Atwood Ave, Madison, WI 53704",Accessibility    Wheelchair accessible entrance   Wheelchair accessible parking lot,Amenities    Good for kids   Public restroom,https://lh5.googleusercontent.com/p/AF1QipMugiu_Sbxbbgang3w1Y_U2xe92Btrk678u-mw9=w408-h306-k-no,"16 acres of gardens, including a tropical conservatory, a rose garden & a gilded Thai pavilion.","Award-winning Olbrich Botanical Gardens --16 acres of outdoor display gardens and the indoor, tropical Bolz Conservatory. Prairie-style Rose Garden and the only Thai Pavilion and Garden in the continental U.S. Special events, concerts, garden-related classes for adults and kids, gift shop, gardening library, and meeting rooms.",43.0927389,-89.335517
117,Old Town Alexandria Waterfront,4.8,visitalexandriava.com,"1 Prince St, Alexandria, VA 22314",Accessibility    Wheelchair accessible entrance,,https://lh5.googleusercontent.com/p/AF1QipN3I5alOd3QSUfP988Kbcw5fcrf11ZC2Rw5PmOQ=w408-h305-k-no,"Bars, restaurants & ice cream parlors, plus live music, on a parklike riverside promenade.","A nationally designated historic district founded in 1749, Old Town Alexandria is home to more than 200 independent restaurants and boutiques alongside intimate historic museums and new happenings at the waterfront, making it the perfect home base for your D.C. vacation and an unforgettable getaway of its own.",38.8032677,-77.04012399999999
118,Old Trail Town,4.6,oldtrailtown.org,"1831 Demaris Dr, Cody, WY 82414",Accessibility    Wheelchair accessible entrance   Wheelchair accessible parking lot,Amenities    Good for kids,https://lh5.googleusercontent.com/p/AF1QipOf_vRQ5GD4fR5GT1ioEPeMYZNfbw5T506kNZ0S=w408-h306-k-no,A collection of ghost-town relics recreate the frontier west in Buffalo Bill's original Cody Town.,,44.51564279999999,-109.1042131
119,Pabst Mansion,4.7,pabstmansion.com,"2000 W Wisconsin Ave, Milwaukee, WI 53233",Accessibility    Wheelchair accessible parking lot,,https://lh5.googleusercontent.com/p/AF1QipOG43JIytX4LPZz9yeyNyxT_tjVKHSltKS3HI5q=w408-h306-k-no,Gilded Age house museum of the local famed beer family offering daily tours & Pabst-themed gifts.,"Home to Milwaukee's pioneer brewing family and five archbishops, this mansion at 2000 W. Wisconsin Avenue is being restored to its original splendor.",43.0392582,-87.937961
120,Packers Hall of Fame & Museum,4.8,packershofandtours.com,"1265 Lombardi Ave, Green Bay, WI 54304",Accessibility    Wheelchair accessible elevator   Wheelchair accessible entrance   Wheelchair accessible parking lot   Wheelchair accessible restroom,Amenities    Good for kids,https://lh5.googleusercontent.com/p/AF1QipMSugNUvgpGMM_WFxNZ2fpNKU1CJehs046RV7Vh=w408-h306-k-no,2 floors of high-tech exhibits focused on the local Super Bowl–winning football team.,Come and explore the greatest story in all of sports. Plan your visit now!,44.5014347,-88.0625896
121,Pettigrew Home & Museum,4.7,siouxlandmuseums.com,"131 N Duluth Ave, Sioux Falls, SD 57104",Accessibility    Wheelchair accessible entrance   Wheelchair accessible parking lot   Wheelchair accessible restroom,Amenities    Good for kids   Restaurant,https://lh5.googleusercontent.com/p/AF1QipNa3PGXhnuamQLW2J3hyZYY_vuNZ6itudSCe0U_=w408-h306-k-no,"1889 Queen Anne home of the state's first U.S. Senator, with tours of period furniture & exhibits.",,43.5483815,-96.7347018
122,Phoenix Park,4.8,visiteauclaire.com,"330 Riverfront Terrace, Eau Claire, WI 54703",Accessibility    Wheelchair accessible entrance   Wheelchair accessible parking lot,Amenities    Good for kids,https://lh5.googleusercontent.com/p/AF1QipOZhg6K2O7jqXAWRtLPLvSLtj_VWAlEHzqwqAS_=w408-h544-k-no,"This 9-acre riverbank park offers a walking labyrinth, picnic pavilion & year-round farmers' market.","Come as you are to Eau Claire to experience a place where everyone is welcome, live music is celebrated, hospitality is real, and there is always cheese and beer.",44.8146395,-91.5048281
123,Pine Hill Park,4.7,pinehillpark.org,"2 Oak St Ext, Rutland, VT 05701",Accessibility    Wheelchair accessible entrance   Wheelchair accessible parking lot,Amenities    Good for kids,https://lh5.googleusercontent.com/p/AF1QipPerxW71STAr60o-9dCZA3IHipwQwklK3BoXIKs=w408-h302-k-no,Many hiking & mountain-biking trails traverse this large wooded park with some scenic views.,"Pine Hill Park offers 17 miles of single-track trail spread over 325 acres of terrain offering some of the very best mountain biking, trail running, hiking, walking, snowshoeing, and geocaching in the central Vermont region.",43.6169154,-72.9912544
124,Plamann Park,4.6,outagamie.org,"1375 E Broadway Dr, Appleton, WI 54913",Accessibility    Wheelchair accessible entrance   Wheelchair accessible parking lot,Amenities    Good for kids,https://lh5.googleusercontent.com/p/AF1QipNBmdtjVuPCjUleP2dAl6eJiAMlhd8en4C6xC8b=w408-h306-k-no,"Big park with a 27-hole disc-golf course, a lake beach, a kids' farm, sports fields & picnic areas.",,44.3251334,-88.39262269999999
125,Poor House Farm Park,4.6,mbcparks-rec.org,"Poor House Rd, Martinsburg, WV 25403",Accessibility    Wheelchair accessible entrance   Wheelchair accessible parking lot,Amenities    Good for kids,https://lh5.googleusercontent.com/p/AF1QipNpukOGnLrRlMSAeh2JWwi__WcjsuaNs8X5E5pF=w408-h306-k-no,"Sprawling county park offering a stocked lake, multiple event pavilions, disc golf & mid-1800s barn.",,39.4425111,-78.0580544
126,Puckett's Grocery & Restaurant - Downtown Nashville,4.4,puckettsgro.com,"500 Church St, Nashville, TN 37219",Accessibility    Wheelchair accessible elevator   Wheelchair accessible entrance   Wheelchair accessible seating,Amenities    Good for kids   High chairs,https://lh5.googleusercontent.com/p/AF1QipOucVSjePlM9Gt8YJzDcysBWE3Mt9tSPYAE_6RH=w408-h579-k-no,Southern bar & grill with an old-general-store feel & a large stage for live music acts.,,36.1632246,-86.78046309999999
127,Randy's Family Restaurant,4.6,randysfood.com,"1132 W MacArthur Ave, Eau Claire, WI 54701",Accessibility    Wheelchair accessible entrance   Wheelchair accessible parking lot   Wheelchair accessible seating   Wheelchair accessible restroom,Amenities    Gender-neutral restroom   Good for kids,https://lh5.googleusercontent.com/p/AF1QipMv7Bi4lqUlT6ve5BmaclGRQM7UhmGPMnCQ2Wt0=w408-h544-k-no,"Down-home plates, from breakfast staples to classic American mains, whipped up in unfussy surrounds.","Randy’s is a place to enjoy homemade cooking, including breakfast, lunch and dinner, we have something for everyone.",44.7883808,-91.5185527
128,RedRossa Italian Grille,4.2,redrossa.com,"808 W Sioux Ave Ste 200, Pierre, SD 57501",Accessibility    Wheelchair accessible elevator   Wheelchair accessible entrance   Wheelchair accessible parking lot   Wheelchair accessible restroom   Wheelchair accessible seating,Amenities    Bar onsite   Good for kids   High chairs   Restroom,https://lh5.googleusercontent.com/p/AF1QipNjX6wxy1HKHrKMRSnN0YBznwoDHaUwHWByGXSx=w408-h270-k-no,"Casual restaurant with wood & stone accents turning out classic Italian entrees, wine & cocktails.","Offering affordable Italian-American cuisine, the RedRossa Italian Grille has an extensive selection of fresh, flavorful, traditional Italian dishes.",44.37235039999999,-100.3625531
129,Reptile Gardens,4.7,reptilegardens.com,"8955 US-16, Rapid City, SD 57702",Accessibility    Wheelchair accessible entrance,Amenities    Good for kids,https://lh5.googleusercontent.com/p/AF1QipOQyC3biqg3ByJFGLnxKXcfPadx-EVzs5hWf18A=w408-h291-k-no,"Long-running zoo with many reptile exhibits, plus bird shows, giant tortoises & a greenhouse.","A Black Hills attraction you&#039;ll never forget, Reptile Gardens is a specialized wild animal park featuring reptiles, amphibians, birds, and bugs for your enjoyment.",43.9911142,-103.2718379
130,Ripley's Aquarium of the Smokies,4.6,ripleyaquariums.com,"88 River Rd, Gatlinburg, TN 37738",Accessibility    Wheelchair accessible entrance,Amenities    Good for kids,https://lh5.googleusercontent.com/p/AF1QipODROvJUNdY9oU-SaakwIFkw_Zu8W1MIckUhQfh=w408-h306-k-no,"Sprawling aquarium showcasing sharks, sea turtles, stingrays, penguins & a glass-bottom boat ride.","3 Amazing Locations - Traveling on moving glide paths, visitors enter the ocean realm and come face to face with thousands of fascinating fish!",35.7142227,-83.51318429999999
131,Rock City Gardens,4.7,seerockcity.com,"1400 Patten Rd, Lookout Mountain, GA 30750",Accessibility    Wheelchair accessible entrance   Wheelchair accessible parking lot,Amenities    Good for kids   Public restroom,https://lh5.googleusercontent.com/p/AF1QipOXVnGTw1FHQazz3CifNXO6PVLrYwrYSkfvSvYT=w408-h306-k-no,"Ancient rock formations, gardens & panoramic views of 7 states draw visitors to this walking trail.",Atop Lookout MountainHomepage - Rock City will amaze you...it's in our nature! Click to learn how!,34.9734422,-85.3494154
132,Rotary Park,4.8,https://www.alltrails.com/parks/us/wyoming/rotary-park,"Casper, WY 82601",Accessibility    Wheelchair accessible parking lot,Amenities    Good for kids,https://lh5.googleusercontent.com/p/AF1QipMTuIZ2SX4rPe4RAithfrw2QXQSuES2MLVqN8wd=w408-h725-k-no,"A network of hiking trails leading up to the base of  scenic waterfalls, with picnic tables.",,42.84870900000001,-106.2980824
133,Sarducci's,4.6,sarduccis.com,"3 Main St, Montpelier, VT 05602",Accessibility    Wheelchair accessible entrance   Wheelchair accessible parking lot   Wheelchair accessible restroom   Wheelchair accessible seating,Amenities    Bar onsite   Gender-neutral restroom   Good for kids   High chairs   Restroom   Free Wi-Fi,https://lh5.googleusercontent.com/p/AF1QipPMxnWW9-iNU5ZPhetz6pxiBkJZo92kaqZfgaT5=w427-h240-k-no,"Lively, casual Italian trattoria overlooking the Winooski River & serving pasta & wood-fired pizzas.",,44.2577039,-72.5765693
134,Science Museum of Virginia,4.7,smv.org,"2500 W Broad St, Richmond, VA 23220",Accessibility    Wheelchair accessible elevator   Wheelchair accessible entrance   Wheelchair accessible parking lot   Wheelchair accessible restroom   Wheelchair rental,Amenities    Good for kids   Restroom   Restaurant,https://lh5.googleusercontent.com/p/AF1QipNJ1siFVqJM-JG-728p7ElmHJd7xMIEhKHnNloI=w408-h270-k-no,"Kid-focused, hands-on exhibits about animals, the human body, the cosmos & the environment.","From exhibits and films to live demos and workshops, there are endless ways to discover your world at the Science Museum of Virginia.",37.5616467,-77.46597390000001
135,Shelby Farms Park,4.8,shelbyfarmspark.org,"6903 Great View Dr N, Memphis, TN 38134",Accessibility    Wheelchair accessible entrance   Wheelchair accessible parking lot,Amenities    Good for kids   Public restroom,https://lh5.googleusercontent.com/p/AF1QipNyz6q8hzn4Rm8TYJTbqJuUqTbn0C4DEJZRwE0P=w408-h305-k-no,"4,500 acres with biking & horse trails, many bodies of water for fishing & boating plus playgrounds.",,35.1386983,-89.832276
136,Sickies Garage Burgers & Brews,4.3,sickiesburgers.com,"2616 S Louise Ave, Sioux Falls, SD 57106",Accessibility    Wheelchair accessible entrance   Wheelchair accessible parking lot   Wheelchair accessible restroom   Wheelchair accessible seating,Amenities    Bar onsite   Good for kids   High chairs   Restroom   Free Wi-Fi,https://lh5.googleusercontent.com/p/AF1QipPKLx2Q6RAexBTUcJ3py9UU2llmVlXSF2CPBflQ=w408-h272-k-no,Dozens of creative patties & brews are available at this chill venue with a sports bar vibe.,,43.5225448,-96.7715668
137,Smugglers' Notch State Park Campground,4.7,vtstateparks.com,"6443 Mountain Rd, Stowe, VT 05672",Accessibility    Wheelchair accessible entrance   Wheelchair accessible parking lot,Amenities    Good for kids,https://lh5.googleusercontent.com/p/AF1QipMhaJtXTrDblGvlUrIOaXD07YX7p0juC6tNiXxb=w408-h306-k-no,"Narrow, winding pass through the Green Mountains, with a campground, hiking trails & rock climbing.",,44.5209707,-72.77414689999999
138,South Dakota Discovery Center,4.7,sd-discovery.org,"805 W Sioux Ave, Pierre, SD 57501",Accessibility    Wheelchair accessible entrance   Wheelchair accessible parking lot   Wheelchair accessible restroom,Amenities    Good for kids   Restroom,https://lh5.googleusercontent.com/p/AF1QipMU9mNokN9ZYWHCTL_ZY1Dt5SGPdlvMbDUCDQPY=w426-h240-k-no,Playful museum offering over 60 interactive science exhibits for young children.,,44.3718967,-100.3635182
139,South Dakota State Capitol,4.6,boa.sd.gov,"500 E Capitol Ave, Pierre, SD 57501",Accessibility    Wheelchair accessible entrance   Wheelchair accessible restroom,,https://lh5.googleusercontent.com/p/AF1QipOONXBxCQPUVnzfGXFUN5EVVesIvXNRJy11NgZA=w426-h240-k-no,"Early-1900s neoclassical government seat with a marble staircase & rotunda, plus paintings & murals.","South Dakota Bureau of Administration, Serving the Citizens and the Government Agencies of South Dakota.",44.3673028,-100.3461932
140,Stabler-Leadbeater Apothecary Museum,4.7,alexandriava.gov,"105-107 S Fairfax St, Alexandria, VA 22314",Accessibility    Wheelchair accessible entrance,Amenities    Good for kids   Restaurant,https://lh5.googleusercontent.com/p/AF1QipMgUSNHFMyTWj1PN6AI49v3Y4ChedSRj4VCiBRy=w408-h306-k-no,"An apothecary until 1933, the museum now offers 30-minute tours explaining its famed potions.",,38.8042455,-77.0427512
141,Stock & Barrel,4.7,thestockandbarrel.com,"35 Market Square, Knoxville, TN 37902",Accessibility    Wheelchair accessible entrance   Wheelchair accessible parking lot   Wheelchair accessible restroom   Wheelchair accessible seating,Amenities    Bar onsite   Good for kids   High chairs   Restroom   Free Wi-Fi,https://lh5.googleusercontent.com/p/AF1QipPWPWBXEf7Ah-_aoFs0Y7QpoK4U0wrP3X3n6shb=w408-h544-k-no,Stylish restaurant featuring thoughtfully sourced burgers & an extensive selection of bourbons.,"The Stock and Barrel has the best whiskey selection in Nashville, with a large bourbon bar featuring rare whiskeys, craft cocktails and more!",35.9656264,-83.9202277
142,Sugarbush Farm,4.7,sugarbushfarm.com,"591 Sugarbush Farm Rd, Woodstock, VT 05091",Accessibility    Wheelchair accessible parking lot,Amenities    Good for kids,https://lh5.googleusercontent.com/p/AF1QipO_EQ4jp-gYjW0mX9EDcC16ebqtWhiS3_v7W3HN=w426-h240-k-no,"Rural farm producing cheese varieties & maple syrups, with walks to view the tree-tapping process.",Sugarbush Farm Maple and Cheese Farm,43.6648211,-72.4671856
143,Tatanka Story of Bison,4.4,storyofthebison.com,"100 Tatanka Dr, Deadwood, SD 57732",Accessibility    Wheelchair accessible entrance   Wheelchair accessible parking lot,Amenities    Good for kids,https://lh5.googleusercontent.com/p/AF1QipOSUtQbGtsrOhmAlnK4nDno8DsbqgYgJRJRry9b=w408-h271-k-no,"Unique spot featuring bison & Native American history exhibits, life-size sculptures & a gift shop.",,44.376651,-103.7296415
144,Tennessee Aquarium,4.7,tnaqua.org,"1 Broad St, Chattanooga, TN 37402",Accessibility    Wheelchair accessible entrance,Amenities    Good for kids,//lh6.googleusercontent.com/proxy/-2arM1YhzmO8bU0AfQvLN32DkyZb--fnM3o0_-UKyHXvLbtLTfBzGSjB8RPljijZc7Uem8_SJ-0Mp1xhNHF0DYEVATcWZ1B4z8dS9PLuryUezBSVoke_v5l85-IJlgUSjKUKInRamqEA_5zHl81K_ZBh5gL6yr8=w408-h272-k-no,"Waterfront complex with sea & river animals, birds & butterflies, plus interactive shows & cruises.","Situated on the Tennessee River in downtown Chattanooga, TN, the Tennessee Aquarium is home to 10,000 animals and an IMAX theater. Plan your visit today!",35.0559883,-85.31014809999999
145,The Chattanooga Zoo at Warner Park,4.4,chattzoo.org,"301 N Holtzclaw Ave, Chattanooga, TN 37404",Accessibility    Wheelchair accessible entrance,Amenities    Good for kids,https://lh5.googleusercontent.com/p/AF1QipO4k1g4nPiEsglxgKqHfzUXKSuC1cklaI-0xjb0=w408-h271-k-no,This educational wildlife park houses a large collection of species from around the globe.,,35.0426507,-85.282129
146,The Codington County Heritage Museum,4.7,cchsmuseum.org,"27 1st Ave SE, Watertown, SD 57201",Accessibility    Wheelchair accessible parking lot,Amenities    Good for kids,https://lh5.googleusercontent.com/p/AF1QipMI2ORO0Plt5RdaRmDqFOoOpNJ3VL9dhBg27cdL=w408-h291-k-no,Museum in a 1906 library featuring permanent & temporary exhibitions about town & county history.,,44.8992294,-97.1134573
147,The Cozzy Corner,4.4,thecozzycorner1.com,"111 N Walnut St, Appleton, WI 54911",Accessibility    Wheelchair accessible entrance   Wheelchair accessible parking lot   Wheelchair accessible seating,Amenities    Good for kids   High chairs   Restroom   Free Wi-Fi,https://lh5.googleusercontent.com/p/AF1QipObWXNVDyjz86fwg_0LZZR5nq6bSOgO7CL3samT=w408-h306-k-no,"Cozy Southern restaurant serving BBQ plates, wings & fried chicken amid blues music & murals.","Soul Food, BBQ, Ribs, Catfish, Fried Chicken",44.2621999,-88.41226950000001
148,The History Museum at the Castle,4.3,myhistorymuseum.org,"330 E College Ave, Appleton, WI 54911",Accessibility    Wheelchair accessible elevator   Wheelchair accessible entrance   Wheelchair accessible parking lot   Wheelchair accessible restroom,Amenities    Good for kids,https://lh5.googleusercontent.com/p/AF1QipMDtxlgdEftw-w9Ykp9EztnB0ckN9t-0x60E8e5=w408-h306-k-no,Converted Masonic temple houses exhibits on Houdini & other significant Fox Valley people & events.,"At the History Museum, we continually seek to inspire people to discover and appreciate the rich history of the Fox Valley through exhibition, education, and collections. In this way, our staff members foster community partnerships that build social cohesion and meet local challenges. Doing so expands expectations for what a history museum, and our community, can be. ",44.2621785,-88.40141460000001
149,The Mad Taco,4.3,themadtaco.com,"72 Main St, Montpelier, VT 05602",Accessibility    Wheelchair accessible entrance   Wheelchair accessible restroom   Wheelchair accessible seating,Amenities    Bar onsite   Good for kids   Restroom   Free Wi-Fi,https://lh5.googleusercontent.com/p/AF1QipMDLgw8qrI6KXjmuRv1gC-MmUkjDNf71c5oZfNU=w408-h305-k-no,"Mexican & modern Latin eats are served with hot sauces & craft beers in a relaxed, funky setting.","Taste Central Vermont's finest Mexican food, plus craft beer, handcrafted 
hot sauces, house-smoked meats and more. Come see us in Waitsfield, Essex 
or Montpelier.",44.2599171,-72.5756825
150,The Parthenon,4.6,nashvilleparthenon.com,"2500 West End Ave, Nashville, TN 37203",Accessibility    Wheelchair accessible entrance   Wheelchair accessible parking lot   Wheelchair accessible restroom,Amenities    Good for kids   Restaurant,https://lh5.googleusercontent.com/p/AF1QipM34FpFRYiCwVBl-MQqrrGF753d-WzA7XqTl0fH=w426-h240-k-no,"Built in 1897, this full-scale replica of the Athenian Parthenon also houses American art galleries.","The Parthenon stands proudly as the centerpiece of Centennial Park, 
Nashville's premier urban park. The re-creation of the 42-foot statue 
Athena is the focus of the Parthenon just as it was in ancient Greece. The 
building and the Athena statue are both full-scale replicas of the Athenian 
originals.",36.1494148,-86.812823
151,The Yellow Deli,4.6,yellowdeli.com,"23 Center St, Rutland, VT 05701",Accessibility    Wheelchair accessible entrance   Wheelchair accessible parking lot   Wheelchair accessible restroom   Wheelchair accessible seating,Amenities    Gender-neutral restroom   Good for kids   High chairs   Restroom   Free Wi-Fi,https://lh5.googleusercontent.com/p/AF1QipNlRNi3hi-T0FGGJS5ifgnVngNr3VtLerr4aeJf=w408-h306-k-no,"Deli offering sandwiches, salads & breakfast, plus a juice bar mixing up smoothies & other drinks.",,43.6067268,-72.9789725
152,Thunder Road of Sioux Falls,4.5,thunderroadsiouxfalls.com,"201 N Kiwanis Ave, Sioux Falls, SD 57104",Accessibility    Wheelchair accessible entrance   Wheelchair accessible parking lot,Amenities    Good for kids   Restaurant,https://lh5.googleusercontent.com/p/AF1QipOJUK5668WF2L3ErFrIv3bsMVCEBtagrVQsYn1r=w408-h306-k-no,"Fun park & mini-golf course offering go-karts, thrill rides, laser tag & other kid friendly games.","We have two go-kart tracks, an 18 hole adventure mini-golf course, batting cages, climbing wall, human foosball, Euro Bungy, and Water Wars.",43.5489316,-96.7617787
153,Thunder Road,4.7,thunderroadvt.com,"61 Fisher Rd, Barre, VT 05641",Accessibility    Wheelchair accessible entrance   Wheelchair accessible parking lot,,https://lh5.googleusercontent.com/p/AF1QipPfwlClAwQkF3BLwDzxMIoWbcgIRfuUe8Hksuvo=w408-h306-k-no,"Quarter-mile, paved car-racing speedway, home of the annual ""Milk Bowl"" Late Model race.",,44.1798378,-72.4877613
154,Undine Park,4.5,cityoflaramie.org,"800-898 S 7th St, Laramie, WY 82070",Accessibility    Wheelchair accessible entrance   Wheelchair accessible parking lot,Amenities    Good for kids,https://lh5.googleusercontent.com/p/AF1QipNU-baxC94YyIohVYbgxMsAskjgmZoJNL5MEPTd=w426-h240-k-no,"Neighborhood park with picnic shelters & BBQs, plus facilities for tennis, volleyball & basketball.",,41.30533,-105.5903077
155,Vermont Historical Society Museum,4.5,vermonthistory.org,"109 State St, Montpelier, VT 05609",Accessibility    Wheelchair accessible entrance   Wheelchair accessible parking lot,Amenities    Good for kids,https://lh5.googleusercontent.com/p/AF1QipNYfdudS1nJ8LxkGCX1m4HfENvi2cMmpGP4oEMA=w408-h306-k-no,"Museum featuring an acclaimed multimedia exhibit on Vermont's history, along with a gift shop.",Vermont Historical Society,44.261321,-72.579589
156,Vermont Ski and Snowboard Museum,4.9,vtssm.org,"1 S Main St, Stowe, VT 05672",,Amenities    Good for kids   Restaurant,https://lh5.googleusercontent.com/p/AF1QipOAP0cebRfbVef3btvMiSsygf4yYTWk73MrjcXX=w408-h306-k-no,"Founded in 1988, this history museum offers exhibits of ski/snowboard equipment, clothing & artwork.","The Vermont Ski & Snowboard Museum in Stowe, Vermont, is the ideal 
destination for anyone interested in the history of skiing and riding in 
Vermont.",44.46543279999999,-72.687422
157,Vermont State House,4.6,statehouse.vermont.gov,"115 State St, Montpelier, VT 05633",Accessibility    Wheelchair accessible entrance,,https://lh5.googleusercontent.com/p/AF1QipPXtFxoRIxqWF-Ri5sI0tlbBo3qun0H1dVY90-I=w408-h272-k-no,"Restored Greek Revival state capitol with a historic art collection, offering free guided tours.",,44.2626431,-72.58053439999999
158,Virginia Air & Space Science Center,4.4,vasc.org,"600 Settlers Landing Rd, Hampton, VA 23669",Accessibility    Wheelchair accessible entrance,Amenities    Good for kids,https://lh5.googleusercontent.com/p/AF1QipOFYGieL4q8AvF5ObJ63SpEuCSsYZQ9Wi6Gi9xa=w408-h306-k-no,"Movie theater chain known for presenting 3D films on a giant screen, including blockbusters.",,37.0240853,-76.3441011
159,Virginia Zoo,4.5,virginiazoo.org,"3500 Granby St, Norfolk, VA 23504",Accessibility    Wheelchair accessible entrance,Amenities    Good for kids,https://lh5.googleusercontent.com/p/AF1QipOPKcxO_-oG2JOegYeMXh20RfcxT9Jb0K4Ebwgh=w408-h306-k-no,"An African exhibit boasts lions, elephants & rhino with another 400 animals spread over 53 acres.",,36.878726,-76.2783724
160,Virtue Feed & Grain,4.5,virtuefeedgrain.com,"106 S Union St, Alexandria, VA 22314",Accessibility    Wheelchair accessible entrance   Wheelchair accessible restroom   Wheelchair accessible seating   Wheelchair accessible parking lot,Amenities    Bar onsite   High chairs   Restroom,https://lh5.googleusercontent.com/p/AF1QipP0PatR1N8Yg4WEWYIDWzDMPp2BsF3ffSVff5_H=w408-h306-k-no,"In a revamped 18th-century granary, this hip tavern offers elevated pub grub & a lively bar scene.",,38.8037815,-77.0400525
161,Waterfront Park,4.7,enjoyburlington.com,"20 Lake St, Burlington, VT 05401",Accessibility    Wheelchair accessible entrance   Wheelchair accessible parking lot,Amenities    Good for kids,https://lh5.googleusercontent.com/p/AF1QipOQroLkVw4582r-za6NrYhT99Ntr4xrxKDE3X9Q=w408-h306-k-no,"Community park on the lake featuring a boardwalk, sailing lessons & kayak & canoe rentals.",,44.4795047,-73.2218109
162,Werner Wildlife Museum at Casper College,4.7,caspercollege.edu,"405 E 15th St, Casper, WY 82601",Accessibility    Wheelchair accessible entrance   Wheelchair accessible parking lot   Wheelchair accessible restroom,Amenities    Good for kids,https://lh5.googleusercontent.com/p/AF1QipN3Kk0nDJ0Vfmzv3qBKpiIgAK5xS6ZEF9-g_EU3=w408-h306-k-no,"Free Casper College museum with family-friendly wildlife exhibits, tours & educational programs.","Located in Wyoming, Casper College is one of the largest and most comprehensive community colleges in the region.",42.83514,-106.3204886
163,West Virginia Botanic Garden,4.7,wvbg.org,"1061 Tyrone Rd, Morgantown, WV 26508",Accessibility    Wheelchair accessible entrance   Wheelchair accessible parking lot,Amenities    Good for kids,https://lh5.googleusercontent.com/p/AF1QipNZjkvWBgLTc6HhAFjvZWd6qqSaDlONaoao-nmp=w408-h306-k-no,Lush site with numerous species of flowers & trees set in a former reservoir with a walking trail.,,39.628223,-79.8671336
164,West Virginia State Museum,4.7,wvculture.org,"1900 Kanawha Blvd E #435, Charleston, WV 25305",Accessibility    Wheelchair accessible elevator   Wheelchair accessible entrance   Wheelchair accessible parking lot   Wheelchair accessible restroom,Amenities    Good for kids,https://lh5.googleusercontent.com/p/AF1QipNFObqo78qx8buP7k7OSLpPc3kGd2l2pV8Y9OUv=w408-h306-k-no,Renovated museum with art & exhibitions celebrating West Virginia's history & culture.,,38.3377692,-81.6141469
165,Whip Bar & Grill,4.3,thewhip.com,"18 Main St, Stowe, VT 05672",Accessibility    Wheelchair accessible elevator   Wheelchair accessible entrance   Wheelchair accessible parking lot,Amenities    Good for kids   High chairs,https://lh5.googleusercontent.com/p/AF1QipMxVnoZZZxnfdQEDmXD4TyF1WosTIvhI8dG490J=w507-h240-k-no,Welcoming bar & grill in the Green Mountain Inn furnishing elevated American eats & microbrews.,,44.4652406,-72.68710349999999
166,Wiessner Woods,4.7,stowelandtrust.org,"Stowe, VT 05672",,Amenities    Good for kids,https://lh5.googleusercontent.com/p/AF1QipO89BMD-wLdeE0Bdhc_Cg-MJDv2lA_b5clJyFbT=w408-h264-k-no,"Wooded conservation area with a network of trails for hiking, snowshoeing & cross-country skiing.",,44.4654332,-72.6874023
167,Wild Water West Waterpark and Flamingo Falls Campground,4.4,wildwaterwest.com,"26767 466th Ave, Sioux Falls, SD 57106",Accessibility    Wheelchair accessible entrance   Wheelchair accessible parking lot,Amenities    Bar onsite   Good for kids   Restaurant   Restroom,https://lh5.googleusercontent.com/p/AF1QipN4LNjLC18DPisOLduuIYLmVbuyYPeouCJ9Nyw=w408-h305-k-no,"Seasonal sight with aquatic attractions such as a wave pool, plus go-karts, mini-golf & paintball.",,43.5046952,-96.89201
168,Wild Water West Waterpark and Flamingo Falls Campground,4.4,wildwaterwest.com,"26767 466th Ave, Sioux Falls, SD 57106",Accessibility    Wheelchair accessible entrance   Wheelchair accessible parking lot,Amenities    Bar onsite   Good for kids   Restaurant   Restroom,https://lh5.googleusercontent.com/p/AF1QipN4LNjLC18DPisOLduuIYLmVbuyYPeouCJ9Nyw=w408-h305-k-no,"Seasonal sight with aquatic attractions such as a wave pool, plus go-karts, mini-golf & paintball.",,43.5046952,-96.89201
169,Wind Cave National Park,4.6,nps.gov,"26611 US Highway 385
Hot Springs , SD 57747",Accessibility    Wheelchair accessible entrance   Wheelchair accessible parking lot,Amenities    Good for kids,https://lh5.googleusercontent.com/p/AF1QipMi8TOmQ0YJgzZ0mjFiRPrDtazejB01Y0NXRfNq=w408-h306-k-no,"Wildlife-rich prairie land named for one of the world’s longest caves, open year-round for tours.",The National Park Service cares for special places saved by the American people so that all may experience our heritage.,43.5565569,-103.4782966
170,Wonderfeet Kid's Museum,4.6,wonderfeetkidsmuseum.org,"11 Center St, Rutland, VT 05701",Accessibility    Wheelchair accessible entrance   Wheelchair accessible parking lot,Amenities    Good for kids   Restaurant,https://lh5.googleusercontent.com/p/AF1QipNn7lrkygtps3hNj_3lN2qJjPCEXOXk6Qo8FtGy=w520-h240-k-no,Interactive exhibits & events dedicated to the lifetime love of learning & discovery for children.,,43.6065923,-72.9793735
171,World's Fair Park,4.7,worldsfairpark.org,"525 Henley St, Knoxville, TN 37902",Accessibility    Wheelchair accessible entrance   Wheelchair accessible parking lot   Wheelchair accessible restroom,Amenities    Good for kids,//lh6.googleusercontent.com/proxy/edXTr3qVvcXhYta_NlPwJhyLWZK4gIUVKD5oaktRXpkTeo-pAXLcCBCzoxmih2sX4RzgLuoB5bu0sgV7w8nUVB86EORNDoYLnENFkASAYIQzDw1GKnzqOZe1JNPZMiNTh9DJ4_FYglI3d0odjP8E63shxgk=w408-h272-k-no,"Site of 1982 World's Fair, with an amphitheater, events & a sunsphere tower with observation deck.","The historical Worlds fair park has many venue and event options. Festival Lawn, Splash Pads, Performance law, Amphitheater, Sunsphere, and Volunteer Landing. Located in Knoxville, TN.",35.9626973,-83.9226652
172,Wyoming's Rib & Chop House- Casper,4.3,ribandchophouse.com,"256 S Center St, Casper, WY 82601",Accessibility    Wheelchair accessible entrance   Wheelchair accessible parking lot,Amenities    Bar onsite   Good for kids   High chairs   Restroom   Free Wi-Fi,https://lh5.googleusercontent.com/p/AF1QipMtkznjg4vIe60989UG4qrR1hldx5hGRvllNVGw=w408-h240-k-no-pi-0-ya107.71001-ro-0-fo100,"Chophouse chain serving aged steaks, seafood, slow-cooked ribs & beer in a relaxed, casual setting.",,42.8476745,-106.3256388
173,Wyoming State Capitol,4.6,wyomingcapitolsquare.com,"200 W 24th St, Cheyenne, WY 82001",Accessibility    Wheelchair accessible entrance,,https://lh5.googleusercontent.com/p/AF1QipOKBkiMumDltUGzm60lDw_cNv2S8Rf674LGrYxx=w408-h271-k-no,"Stately government center built in the late 19th century, with stately columns & a dome-shaped top.",,41.1401733,-104.8205644
174,Wyoming Territorial Prison State Historic Site,4.7,wyoparks.wyo.gov,"975 Snowy Range Rd, Laramie, WY 82070",Accessibility    Wheelchair accessible entrance   Wheelchair accessible parking lot   Wheelchair accessible restroom,Amenities    Good for kids,https://lh5.googleusercontent.com/p/AF1QipMa8GeDwlk6PfU_n7BFEhzIh0AOpVXe9ARn8NKT=w426-h240-k-no,Historical park at a former prison site offering self-guided & guided tours of the jail & grounds.,"Mountain bikes, boats and fishing poles are really just toys for grown-ups; so go be a kid again. After all, we've got plenty of trails for getting mud on those tires, including those in Guernsey, Buffalo Bill and Curt Gowdy State Parks.

If making a splash is more your style, we've got space for water sports and fishing at our many reservoirs . Once you're done playing, soak those bones in the therapeutic mineral water at Hot Springs State Park. When bedtime rolls around, park the RV or roll out a sleeping bag; because at our overnight sites, all it takes to check in is a zip of the tent.",41.3116128,-105.6105124
